,ref,mp3_64,mp4_aac64,roundtrip_wav
duration_s,0.02286886068856077,0.01157059793782345,0.014767712346148593,0.015552539820614221
peak_amplitude,0.0018973953722934839,0.0,0.0011629191385437174,0.0
spectral_centroid_mean,0.0,0.0,0.00027628677863661833,0.005097351619934512
spectral_centroid_std,0.0,0.0,0.0,0.0
spectral_centroid_min,0.001621814183485566,0.0,0.0012740636267474397,0.0
spectral_centroid_max,0.0002606886933034027,0.0,0.0,0.0
spectral_centroid_median,0.0,0.0017862796691660186,0.0,0.0
spectral_centroid_iqr,0.02210648054350375,0.008145183094744555,0.003980531259788841,0.0
spectral_centroid_skew,0.002360248320533082,0.0024438359318204508,0.0025061443913041554,0.002906319391961357
spectral_centroid_kurt,0.0,0.0,0.0,0.0020067434926347924
spectral_bandwidth_mean,0.0,0.0,0.0,0.0
spectral_bandwidth_std,0.003163983207143807,0.0,0.0,0.0
spectral_bandwidth_min,0.00018488107151808566,0.0,0.003368659720327099,0.00048222665732339454
spectral_bandwidth_max,0.0,0.0021889739429942134,0.0006034049447626317,0.0
spectral_bandwidth_median,0.0,0.0,0.0,0.0
spectral_bandwidth_iqr,0.0,0.00024879013260510505,0.0,0.0
spectral_bandwidth_skew,0.0,0.0,0.0,0.0014043083444906061
spectral_bandwidth_kurt,0.0,0.0003404443245589687,0.0,0.0
spectral_rolloff85_mean,0.0018759695743622478,0.001716845069339962,0.0,0.0
spectral_rolloff85_std,0.0017979203430194416,0.0,0.0,0.0
spectral_rolloff85_min,0.0,0.0016041656680404741,0.0,0.0
spectral_rolloff85_max,0.001991934137079985,0.0,0.0011456078845777388,0.0
spectral_rolloff85_median,0.0,0.0,0.0,0.0
spectral_rolloff85_iqr,0.0,0.0,0.0021137392831824414,0.0
spectral_rolloff85_skew,0.0017717294913399298,0.0033391729921190515,0.0,0.0
spectral_rolloff85_kurt,0.0009864633870369731,0.0010362473427477112,0.0,0.0
spectral_rolloff95_mean,0.0,0.0,0.0,0.0
spectral_rolloff95_std,0.0,0.0,0.0,0.0
spectral_rolloff95_min,0.0,0.0,0.0,0.0
spectral_rolloff95_max,0.0026583436895212835,0.0,0.0,0.0
spectral_rolloff95_median,0.0,0.0,0.0,0.0006654329865237058
spectral_rolloff95_iqr,0.0,0.0018336662361226634,0.0027282289486256555,0.0
spectral_rolloff95_skew,0.0,0.0,0.0,0.0
spectral_rolloff95_kurt,0.0016708080556996398,0.0,0.0,0.0
spectral_flatness_mean,0.0,0.0033182688397477983,0.0,0.0
spectral_flatness_std,0.0,0.0,0.0,0.0
spectral_flatness_min,0.0020782842015345973,0.0,0.0,0.00192438692910213
spectral_flatness_max,0.0,0.0,0.00137369280014438,0.0
spectral_flatness_median,0.0,0.0,0.0,0.002015862286801142
spectral_flatness_iqr,0.0,0.0,0.0,0.0
spectral_flatness_skew,0.0,0.0,0.0,0.001224286865500891
spectral_flatness_kurt,0.0,0.0,0.0,0.00025819277019442
spectral_zcr_mean,0.0,0.0,0.0019578772393149726,0.0
spectral_zcr_std,0.0,0.0,0.0,0.0
spectral_zcr_min,0.0,0.001757170330449603,0.0,0.0
spectral_zcr_max,0.0,0.0,0.0,0.0
spectral_zcr_median,0.0,0.0,0.0,0.0
spectral_zcr_iqr,0.0,0.0,0.0,0.0
spectral_zcr_skew,0.0,0.0,0.0,0.0
spectral_zcr_kurt,0.0018329271280637799,0.0,0.0008620549924137487,0.0
spectral_rms_mean,0.0,0.0,0.004873753486657157,0.0024811452173192075
spectral_rms_std,0.001318380391879394,0.003596679580382695,0.0,0.0
spectral_rms_min,0.0032996822083982296,0.0,0.0,0.0014302967193565485
spectral_rms_max,0.0,0.0021822670225991737,0.0016016846497622068,0.0016387042310132842
spectral_rms_median,0.0,0.0,0.0017582007617841645,0.004329185007224136
spectral_rms_iqr,0.003127952096448388,0.00270109474170717,0.002542779234461898,0.0
spectral_rms_skew,0.0006078099157380163,0.0,0.0,0.0022256198463053685
spectral_rms_kurt,0.0,0.0,0.00166761426988532,0.0
spectral_flux_mean,0.0,0.0,0.0,0.0
spectral_flux_std,0.0022037372644147365,0.0095752547340888,0.0,0.0014951863153297527
spectral_flux_min,0.0,0.0018959818462422114,0.001856955220125721,0.0
spectral_flux_max,0.0,0.0,0.0,0.0
spectral_flux_median,0.0038722810829138242,0.0,0.0017353900712262307,0.003424851679971219
spectral_flux_iqr,0.006352234979884819,0.0,0.0,0.0
spectral_flux_skew,0.0,0.0,0.0,0.0
spectral_flux_kurt,0.0,0.0,0.0,0.0
spectral_entropy_mean,0.0,0.002517609736775798,0.002913015182574683,0.0021091097259275863
spectral_entropy_std,0.0019343400505795294,0.0013707757802216241,0.0007079781556266748,0.0
spectral_entropy_min,0.0,0.0,0.0,0.0
spectral_entropy_max,0.0019219347016169962,0.0014301769369262263,0.0,0.0
spectral_entropy_median,0.0,0.002297349790116005,0.001426658103943365,0.003065144664471577
spectral_entropy_iqr,0.0,0.0,0.001342657733670589,0.0
spectral_entropy_skew,0.0025695064333987575,0.0008893185209938763,0.0,0.002052131973938333
spectral_entropy_kurt,0.0011978769330756366,0.0013301577196894235,0.0,0.002385241141291751
spectral_slope_mean,0.0,0.0020777665965618897,0.0,0.0
spectral_slope_std,0.001877651609599804,0.0,0.0,0.0012514456841318173
spectral_slope_min,0.0,0.0,0.0,0.0
spectral_slope_max,0.0,0.0,0.0,0.001418272618849293
spectral_slope_median,0.0,0.0012725280845757203,0.0,0.0026454965667389615
spectral_slope_iqr,0.0,0.0,0.0,0.0008696800544302448
spectral_slope_skew,0.0,0.0,0.0014197989234889501,0.0
spectral_slope_kurt,0.001547261299851528,0.003039122981109982,0.0,0.0
spectral_band_0_500_mean,0.015376104024194549,0.017950692781484336,0.022659323513453265,0.024798745850453916
spectral_band_0_500_std,0.0027875972530790535,0.01823183331300681,0.004169614642621916,0.005594623676082087
spectral_band_500_1000_mean,0.0,0.002335637424377219,0.015750564555370352,0.016361246464819276
spectral_band_500_1000_std,0.003659792657772374,0.0,0.002524249163058428,0.0
spectral_band_1000_2000_mean,0.0,0.004217166097488875,0.0,0.0
spectral_band_1000_2000_std,0.0023453248480236402,0.0039917368074561255,0.009842803578958791,0.005019180817291105
spectral_band_2000_3000_mean,0.005307953985225918,0.003190671892203393,0.0,0.005160965811692357
spectral_band_2000_3000_std,0.0018103886027936926,0.0,0.0017714365786937886,0.0004039796153002329
spectral_band_3000_4000_mean,0.0,0.0048937360011586445,0.008215219284805252,0.0035434215520558946
spectral_band_3000_4000_std,0.0,0.0,0.002268859382884986,0.002192301144459399
spectral_band_4000_5000_mean,0.0,0.0,0.0030182457542681875,0.0046508239827417405
spectral_band_4000_5000_std,0.003369509262793639,0.003917682245484722,0.002442478712532781,0.0018973113887099458
spectral_band_5000_6000_mean,0.0,0.0,0.0,0.0
spectral_band_5000_6000_std,0.0,0.0,0.006656789535186448,0.006639989968222159
spectral_band_6000_8000_mean,0.0,0.001428314109414685,0.0,0.0
spectral_band_6000_8000_std,0.0,0.0001234090828103533,0.0,0.0
spectral_hf_ratio_4000_mean,0.0,0.0,0.0,0.0
spectral_hf_ratio_4000_std,0.0,0.0,0.0021493621161941595,0.0023093514573442318
spectral_hf_ratio_6000_mean,0.0,0.003487700573621404,0.0,0.0
spectral_hf_ratio_6000_std,0.0,0.0010475007655860167,0.0,0.0
spectral_contrast_0_mean,0.0,0.0,0.0014793176838709034,0.0014755843682297397
spectral_contrast_0_std,0.001284353683948724,0.0,0.0,0.0017359388602718466
spectral_contrast_1_mean,0.004569129323160267,0.002357057225801706,0.0032166472137522867,0.0033489808033675965
spectral_contrast_1_std,0.003367866756453822,0.0013531082973826417,0.005607715510272671,0.001993839455404248
spectral_contrast_2_mean,0.005005383969629766,0.005449793978372133,0.0076568276267382504,0.007693966831806191
spectral_contrast_2_std,0.0,0.002181309963376863,0.0,0.0
spectral_contrast_3_mean,0.0,0.0,0.0041063056148872915,0.0022903323544075653
spectral_contrast_3_std,0.0,0.002403637287447266,0.0,0.0
spectral_contrast_4_mean,0.0,0.00249230866290983,0.0,0.003057298920190626
spectral_contrast_4_std,0.0,0.0,0.0,0.0018250366415262856
spectral_contrast_5_mean,0.0,0.0,0.001212201457547379,0.0
spectral_contrast_5_std,0.0,0.0023793736799411686,0.0013822229740961072,0.004571921985604904
spectral_contrast_6_mean,0.0,0.0028147699422836135,0.0,0.0016083998660571396
spectral_contrast_6_std,0.0009658709471386473,0.0,0.0,0.0
mfcc_00_mean,0.0032188586691670987,0.005422415622363831,0.0,0.0
mfcc_00_std,0.014471316029092648,0.003910007420937634,0.0035035539720481373,0.0
mfcc_00_min,0.0018468436608288458,0.0,0.0017186338564897999,0.0011517475064958776
mfcc_00_max,0.0011122803186148804,0.0,0.0,0.0
mfcc_00_median,0.00014998480149213203,0.006509630883017307,0.007271464610117687,0.007286956465959546
mfcc_00_iqr,0.0025399990418893377,0.0031081570725555946,0.06793342870986738,0.06440018339366145
mfcc_00_skew,0.0,0.0034257776213122183,0.0,0.0
mfcc_00_kurt,0.0034032551349505095,0.0010634684736845028,0.0009475199920940144,0.0
mfcc_01_mean,0.0,0.0015664290959593978,0.0,0.0
mfcc_01_std,0.0,0.0,0.0,0.0
mfcc_01_min,0.0,0.0,0.0,0.0
mfcc_01_max,0.0022237042395767915,0.0021325797445572218,0.0023996983219124247,0.0012133498222558804
mfcc_01_median,0.0,0.0,0.004750042772198259,0.003597231167558113
mfcc_01_iqr,0.0,0.0,0.0,0.0
mfcc_01_skew,0.001526475407798178,0.0,0.001857133163130119,0.003484092563506987
mfcc_01_kurt,0.0,0.0005257045764869621,0.0006727535665598364,0.0
mfcc_02_mean,0.0,0.00453908628142401,0.0,0.0
mfcc_02_std,0.0034385544259891232,0.008698164437512451,0.01146270058589239,0.015145944739973988
mfcc_02_min,0.0,0.0,0.002089537841510128,0.0026743364443689013
mfcc_02_max,0.0,0.0,0.0,0.0
mfcc_02_median,0.0,0.0,0.0,0.0
mfcc_02_iqr,0.002903358277598019,0.0,0.0,0.0026414962491264397
mfcc_02_skew,0.0038393238624317544,0.0,0.002766310086724502,0.0020657008859322487
mfcc_02_kurt,0.003184487715944783,0.0024691530918146644,0.0,0.0
mfcc_03_mean,0.0,0.003821970459392838,0.0,0.0
mfcc_03_std,0.00705715559392389,0.0034967781553632456,0.005465710711887584,0.007135695399906584
mfcc_03_min,0.0,0.0016546765239962408,0.0,0.0
mfcc_03_max,0.011909749905039423,0.007326125699058341,0.011817930824849566,0.0112610842104344
mfcc_03_median,0.0016156338862162536,0.0,0.0,0.0016524402887798462
mfcc_03_iqr,0.0,0.0,0.0,0.0
mfcc_03_skew,0.0028438780279481627,0.0,0.004861062330776883,0.0059253260164592965
mfcc_03_kurt,0.0009123760779034873,0.0,0.0018051644608058938,0.0
mfcc_04_mean,0.004108479606129105,0.0014944375062718252,0.003105487012051622,0.004980765193223503
mfcc_04_std,0.0,0.00037751237539466196,6.746963124838425e-18,0.0
mfcc_04_min,0.0,0.001669335127620265,0.0,0.0017634238784039944
mfcc_04_max,0.0,0.0020899570255370876,0.0,4.990094582846644e-18
mfcc_04_median,0.0,0.004563460366291539,0.0,0.0027178706670016395
mfcc_04_iqr,0.003784244681932867,0.0,0.0,0.0
mfcc_04_skew,0.0,0.0016737234950455783,0.0,0.0014466169222550538
mfcc_04_kurt,0.0033237480352543963,0.0,0.0014256819795968457,0.0014220840229903725
mfcc_05_mean,0.0022131566929432453,0.0020718712820342517,0.0030353747718426713,0.0030791656282264635
mfcc_05_std,0.0,0.0038081826649318078,0.0,0.0
mfcc_05_min,0.0009893715516090427,0.0,0.0038523108628059923,0.0
mfcc_05_max,0.0,0.004617920714630902,0.0,0.004114675133834656
mfcc_05_median,0.0,0.0028339005943035633,0.0,0.0020863354021120124
mfcc_05_iqr,0.006078440753629358,0.007218693319279215,0.0030623550320077095,0.0
mfcc_05_skew,0.0013904744570802379,0.0014789831203613556,0.00385541767534688,0.005606904805980925
mfcc_05_kurt,0.0033091740528370813,0.0015118530751120974,0.0021645885929977506,0.0027556339269526565
mfcc_06_mean,0.0041775162144065394,0.0024073388130982547,0.0,0.0
mfcc_06_std,0.0001337958113904509,0.0,0.002954190442573586,0.004780234259509807
mfcc_06_min,0.00623159829839039,0.005374698173778036,0.0021574894019462014,0.0
mfcc_06_max,0.0,0.0,0.0,0.003282436475031807
mfcc_06_median,0.0,0.0010436116967248517,0.0,0.0022532146145891213
mfcc_06_iqr,0.002123126682264762,0.0,0.0,0.0
mfcc_06_skew,0.0,0.0017635564861079,0.006446625050557467,0.0024438330604671255
mfcc_06_kurt,0.0010146135104982686,0.002362504647878179,0.002158543908001777,0.0021530964467689788
mfcc_07_mean,0.004722194268431728,0.0010007597968982175,0.0,0.0
mfcc_07_std,0.0,0.001991245168757501,0.0,0.0012854976939122708
mfcc_07_min,0.0,0.0,0.0016883188905268897,0.0019789148904565067
mfcc_07_max,0.0016384848672155313,0.0011926533270244823,0.0,0.0018242293354907178
mfcc_07_median,0.0011913961748264137,0.0028309706856446083,0.0,0.0035301399598004525
mfcc_07_iqr,0.0,0.004433258520666114,0.0,0.0
mfcc_07_skew,0.0,0.002024996600979213,0.005026492719001113,0.0034341255191688
mfcc_07_kurt,0.003818858461680721,0.0,0.003111187122681484,0.0023600675072415886
mfcc_08_mean,0.0024728839824742,0.0023771166562984313,0.0024261961306991757,0.0
mfcc_08_std,0.002099819404203455,0.0022844901965664846,0.0022471684551726664,0.00196098607182694
mfcc_08_min,0.001519823531074225,0.002355892275656793,0.0,0.0
mfcc_08_max,0.0017888054522524103,0.0016404851941087862,0.0,0.0038255408554343944
mfcc_08_median,0.0,0.0,0.0011765332146737929,0.0014839255425983277
mfcc_08_iqr,0.0,0.0022410355325223623,0.0,0.0
mfcc_08_skew,0.0,0.0,0.0041083903238222945,0.003828426137391573
mfcc_08_kurt,0.0,0.0018990612784074087,0.0023580229698999295,0.0
mfcc_09_mean,0.007252841201743174,1.7710242783405227e-18,0.006223524639920058,0.006683133559498385
mfcc_09_std,0.0027991063981169656,0.0,0.0034771364985996304,0.0
mfcc_09_min,0.0,0.0011857903926513515,0.007762278206170976,0.004669292055161435
mfcc_09_max,0.0027383338871054927,0.0073864601957738425,0.0017343786196508165,0.002865362702956513
mfcc_09_median,0.0,0.0,0.005334691502878181,0.002439447354562536
mfcc_09_iqr,0.0,0.0,0.0012062935991727886,0.0
mfcc_09_skew,0.0,0.0039468334779091205,0.0,0.0005644922109918829
mfcc_09_kurt,0.0017653412512116363,0.0,0.002091916992672917,0.001595503332819421
mfcc_10_mean,0.0,0.0,0.0,0.0
mfcc_10_std,0.0,0.0,0.0015473743811375334,0.004310313659537393
mfcc_10_min,0.0,0.0,0.0,0.001220728636000558
mfcc_10_max,0.0,0.0,0.0,0.0
mfcc_10_median,0.0011761629440309753,0.002660866331604833,0.0024328236746763935,0.0024266840207157318
mfcc_10_iqr,0.0014451404997348127,0.0,0.0,0.0
mfcc_10_skew,0.0,0.0,0.0030716279210417693,0.0
mfcc_10_kurt,0.0017959459412923591,0.0,0.0,0.0009980828262732054
mfcc_11_mean,0.00264032371037196,0.00027449598467781247,0.0,0.0022310515670966834
mfcc_11_std,0.002217223109876286,0.0007604518701420542,0.0015786550451746268,0.0032032843749460857
mfcc_11_min,0.0,0.0,0.0,0.0
mfcc_11_max,0.0021511744067706125,0.0,0.0013829856450497994,0.0
mfcc_11_median,0.0012861660412630236,0.0,0.004501272945626924,0.004478955628850381
mfcc_11_iqr,0.0,0.0,0.0,0.0
mfcc_11_skew,0.0,0.0,0.0022339574609432015,0.0022283196804842977
mfcc_11_kurt,0.0,0.001711392497283094,0.001999011183409149,0.0
mfcc_12_mean,0.004092146971701405,0.004664280722526552,0.0004046901267583798,0.0
mfcc_12_std,0.0,0.0007083353295065074,0.0,0.006484592565053813
mfcc_12_min,0.0017838403764376977,0.0011024801864779055,0.0,0.004653219730731975
mfcc_12_max,0.0014478769625601016,0.0005475034891773338,0.005046351664654655,0.0009812328195081506
mfcc_12_median,0.0,0.0001823843743622825,0.0007617783370983447,0.0
mfcc_12_iqr,0.0,0.0,0.0013195353101162369,0.0017247774165349732
mfcc_12_skew,0.0,0.0027939907783172757,0.0015929158367539126,0.0032141260237016954
mfcc_12_kurt,0.0013123322736431492,0.0009447548756975675,0.0,0.0
mfcc_13_mean,0.0034054714124556584,0.0,0.0,0.0
mfcc_13_std,0.0008666883590533244,0.0,0.0014033681317304873,0.00025790756947728324
mfcc_13_min,0.0,0.0016766482725828885,0.0023299323128453775,0.0
mfcc_13_max,0.0011371271866815133,0.0025085708337846528,0.0,0.0020512115365040598
mfcc_13_median,0.002128615024193956,0.004150862649102351,0.0,0.001569413724811902
mfcc_13_iqr,0.002313214534578461,0.0,0.001979302297317984,0.0
mfcc_13_skew,0.005686221864672468,0.0020744216164671485,0.0,0.0
mfcc_13_kurt,0.0,0.003793240415030646,0.0,0.0
mfcc_14_mean,0.0021077868113874468,0.004243921882332349,0.0,0.0
mfcc_14_std,0.0,0.0014956234747175719,0.002292756044085861,0.0
mfcc_14_min,0.0013033457447109314,0.0019559317663058948,0.0,0.0
mfcc_14_max,0.0,0.00475876231099073,0.0,0.0
mfcc_14_median,0.0021406086152965633,0.0,0.0015939503224546366,0.002517044099525573
mfcc_14_iqr,0.0013922658286711286,0.0019543930328911286,0.006247924235001257,0.0014366002100488628
mfcc_14_skew,0.0014236467641197063,0.002513468278338686,0.003193047965623633,0.0
mfcc_14_kurt,0.0,0.0,0.0,0.0029955479578417012
mfcc_15_mean,0.000921193731041233,0.002592309003128053,0.0,0.0019423007790663543
mfcc_15_std,0.0,0.0016946026635043414,0.0,0.004279969530822803
mfcc_15_min,0.0,0.0,0.0015036974320363204,0.0014999025898575194
mfcc_15_max,0.0,0.0,0.003485651918188532,0.0
mfcc_15_median,0.0,0.0,0.002002609928655071,0.0045910226170545855
mfcc_15_iqr,0.0,0.0,0.00297491899725152,0.0020949737757301676
mfcc_15_skew,0.005193898080067636,0.0032440753662353935,0.0,0.0
mfcc_15_kurt,0.0,0.0,0.0026788358948626285,0.0
mfcc_16_mean,0.0,0.0,0.002416518555448301,0.0
mfcc_16_std,0.0,0.0053738389502201115,0.0,0.0013924794354804539
mfcc_16_min,0.0,0.002168689326292062,0.0,0.0009451287604840832
mfcc_16_max,0.0,0.002997125677225867,0.0,0.0008598794466051565
mfcc_16_median,0.0,0.0,0.0,0.0023652473917952343
mfcc_16_iqr,0.0,0.001822645226294428,0.0,0.0
mfcc_16_skew,0.000327636467447489,0.003969332786889861,0.0014599807708497307,0.0
mfcc_16_kurt,0.0,0.0025215121091698256,0.0010539436859200771,0.0
mfcc_17_mean,0.0,0.0,0.0,0.0
mfcc_17_std,0.003913793976509074,0.0,0.0,0.0
mfcc_17_min,0.001565670319657344,0.001262866436072348,0.0,0.0
mfcc_17_max,0.001659004592863102,0.0015674858304170589,0.0012177791318896077,0.0
mfcc_17_median,0.0,0.001659816095665425,0.0025235043836605016,0.0
mfcc_17_iqr,0.0,0.0,0.0,0.0012506319731030299
mfcc_17_skew,0.0,0.0,0.003187563192806386,0.0023233201925732
mfcc_17_kurt,0.0,0.0013045536047687175,0.0,0.0017104545965626865
mfcc_18_mean,0.0,0.0,0.0014619410658371107,0.0015239589049399589
mfcc_18_std,0.0013175116149576355,0.0,0.0,0.0
mfcc_18_min,0.001036084291232106,0.0,0.0,0.0
mfcc_18_max,0.00399570652527787,0.0,0.002030820935283608,0.0010045939758159326
mfcc_18_median,0.0,0.0,0.001228359754670067,0.003866991666479195
mfcc_18_iqr,0.0,0.0,0.001766017256959226,0.0029699844713491157
mfcc_18_skew,0.0,0.0,0.001013558573334896,0.0
mfcc_18_kurt,0.00265997821366107,0.001376269492294631,0.0,0.0
mfcc_19_mean,0.0,0.002163890676294731,0.004797924345451553,0.0015145348155526403
mfcc_19_std,0.0015996792259353448,0.0019715579836757182,0.0020405854390198775,0.0012613319149328399
mfcc_19_min,0.0,0.001710887603259959,0.0,0.0
mfcc_19_max,0.0,0.001748782212102953,0.0,0.0022304212498754574
mfcc_19_median,0.0,0.001980764249449655,0.0,0.0
mfcc_19_iqr,0.0024846866523916904,0.0,0.001114096285491091,0.0011112846696132205
mfcc_19_skew,0.0,0.0,0.0,0.0
mfcc_19_kurt,0.0013619776132005182,0.001158286405441606,0.0019169843010224308,0.0019121464574997729
mfcc_d1_00_mean,0.001663446373393116,0.0016576782640945016,0.0,0.0
mfcc_d1_00_std,0.10589956216544426,0.10169050545530042,0.03830573636054076,0.040549756335175886
mfcc_d2_00_mean,0.0017510558177881459,0.0,0.001965443528490553,0.0
mfcc_d2_00_std,0.009409789570108849,0.01378211551727564,0.00553957328233294,0.010613737552475763
mfcc_d1_01_mean,0.0,0.00567643863374894,0.0,0.0
mfcc_d1_01_std,0.001740940362342124,0.0021150165139650224,0.0,0.0
mfcc_d2_01_mean,0.001262603275871554,0.003009284427222747,0.001853978785219007,0.0018492999470811878
mfcc_d2_01_std,0.001735245325581158,0.005353101045907033,0.0,0.0
mfcc_d1_02_mean,0.001061417262816019,0.0,0.004403614643304819,0.0
mfcc_d1_02_std,0.008413397368530714,0.001811641928701314,0.007891709079231788,0.0017906148084288129
mfcc_d2_02_mean,0.0,0.0,0.0004815711036000251,0.0009639898525766659
mfcc_d2_02_std,0.0016904151260857076,0.0,0.0,0.0025909833268628205
mfcc_d1_03_mean,0.002233935954187273,0.004357535711021359,0.0014828050926822406,0.0
mfcc_d1_03_std,0.005773173621321058,0.0,0.002548312730422971,0.003961084604718388
mfcc_d2_03_mean,0.0012482108254807042,0.0016744225133374184,0.0,0.0
mfcc_d2_03_std,0.0,0.0018948362458399903,0.004419763260458114,0.001997467641871692
mfcc_d1_04_mean,0.0,0.0012880988901129143,0.0014968620305213978,0.0014930844386679787
mfcc_d1_04_std,0.0,0.001392276381826627,0.0,0.003232019109281645
mfcc_d2_04_mean,0.0,0.0032098124643520965,0.004119885588935492,0.0
mfcc_d2_04_std,0.003170533877494848,0.004371287680177486,0.0,0.0
mfcc_d1_05_mean,0.0,0.0039450089349007626,0.0020084289046696686,0.0020674467632667104
mfcc_d1_05_std,0.001887736184418727,0.0015038170753390208,0.0,0.0
mfcc_d2_05_mean,0.0008685155538581874,2.6851013252259568e-18,0.0,0.0005144647896380486
mfcc_d2_05_std,0.0030323994140934243,0.0017775813987892485,0.0012926301079453364,0.0012893679308938163
mfcc_d1_06_mean,0.0025641008244153695,0.0,0.0027653985537510295,0.003232770578459802
mfcc_d1_06_std,0.0030256343140674675,0.004722420003291839,0.003123354895390693,0.0019194294507114884
mfcc_d2_06_mean,0.0,0.0014425581281017209,0.0007531793900031245,0.0
mfcc_d2_06_std,0.004988588781941738,0.0013990072900656005,0.0012168978229128568,0.004278835481055862
mfcc_d1_07_mean,0.0015900287649462464,0.0,0.001945949052040555,0.0019410381109275677
mfcc_d1_07_std,0.0032650449259522315,0.0030103208963063208,0.0007079781556266756,0.0013267553372304677
mfcc_d2_07_mean,0.0,0.0,0.0018257833047341306,0.0
mfcc_d2_07_std,0.0011761629440309605,0.0,0.0013221240896296798,0.004860910540676206
mfcc_d1_08_mean,0.002143710661268822,0.00419643581134726,0.0,0.0
mfcc_d1_08_std,0.0,0.0,0.0021557651356153857,0.005898784666461697
mfcc_d2_08_mean,0.0,0.0,0.001427970787585592,0.0
mfcc_d2_08_std,0.0018409761830240345,0.007154879397825842,0.0,0.0
mfcc_d1_09_mean,0.0,0.0021229595904328183,0.0033722180051984317,0.0019029653500383355
mfcc_d1_09_std,0.0,0.0,0.0006193720608526336,0.0
mfcc_d2_09_mean,0.0,0.0,0.0,0.0012198126174649741
mfcc_d2_09_std,0.006281260104906148,0.004593958008858666,0.0,0.004435959255309934
mfcc_d1_10_mean,0.0,0.0,0.001463228634100331,0.0
mfcc_d1_10_std,0.0,0.001954711281997349,0.003524332817536149,0.0017433582003591557
mfcc_d2_10_mean,0.0,0.0,0.0,0.0016021410678519533
mfcc_d2_10_std,0.0,0.0030492167785299345,0.0,0.0
mfcc_d1_11_mean,0.0,0.0,0.0018613972386199806,0.0
mfcc_d1_11_std,0.0,0.0,0.003144274319600146,0.0
mfcc_d2_11_mean,0.0029666911164391596,0.002757310600004964,0.0,0.0
mfcc_d2_11_std,0.00451510156208069,0.0,0.001687656239447458,0.0036612577117917607
mfcc_d1_12_mean,0.0018623297020098702,0.0,0.00472574861455015,0.001571725175062187
mfcc_d1_12_std,0.0024530976327378205,0.003555340079774292,0.0011619248399515898,0.0
mfcc_d2_12_mean,0.0,0.0,0.0,0.0
mfcc_d2_12_std,0.009396020774704139,0.003695170509020158,0.0016794225425579886,0.0
mfcc_d1_13_mean,0.0021950743190505676,0.0021049405573336137,0.002620119438608137,0.0
mfcc_d1_13_std,0.0029422663701328716,0.0,0.002577534581343802,0.001397051769722923
mfcc_d2_13_mean,0.0016894914636471062,0.0003372734572106079,0.0015124647098067635,0.0
mfcc_d2_13_std,0.0,0.0018922086657116681,0.0,0.0
mfcc_d1_14_mean,0.001762017678994129,0.0,0.0,0.0
mfcc_d1_14_std,0.0013771984419775924,0.0037859202030811573,0.00347573278031711,0.004730516120712612
mfcc_d2_14_mean,0.0011411116819949481,3.770567818402404e-18,0.0,0.0011434277229302816
mfcc_d2_14_std,0.0,0.0020196198607778213,0.0023661996165130128,0.007223269869529487
mfcc_d1_15_mean,0.0,0.0,0.0019297427545065307,0.0029219534846069207
mfcc_d1_15_std,0.0,0.0,0.0,0.0
mfcc_d2_15_mean,0.0,0.0,0.0,0.0
mfcc_d2_15_std,3.3588888779576766e-18,0.0,0.0014320900087076245,0.0017383546277287213
mfcc_d1_16_mean,0.003140504036361754,0.0017164585707996742,0.0,0.0
mfcc_d1_16_std,0.0,0.0,0.0015265587274336584,0.0
mfcc_d2_16_mean,0.0,0.0005623557743045431,0.003992539385512412,0.002534672601851383
mfcc_d2_16_std,0.0,0.0,0.00046358902114737913,0.0
mfcc_d1_17_mean,0.0,0.0017232180817517175,0.0006659279226510986,0.0013355473415768457
mfcc_d1_17_std,0.0,0.0,0.0,0.0015126478277983353
mfcc_d2_17_mean,0.0013557249683978255,0.0,0.001350902628562606,0.0
mfcc_d2_17_std,0.0,0.0,0.0014024359776532449,0.0
mfcc_d1_18_mean,0.004124234650880816,0.0,0.0,0.002053195158970886
mfcc_d1_18_std,0.0012373446293455267,0.0,0.0013329400854768542,0.0
mfcc_d2_18_mean,0.0005705249653019017,0.0018291411562573173,0.0031408597072297693,0.0013863785028288692
mfcc_d2_18_std,0.0,0.0,0.0,0.0012259726846919022
mfcc_d1_19_mean,0.002862703328062657,0.0016361700188322463,0.0,0.0032180510876222705
mfcc_d1_19_std,0.0,0.0,0.0,0.0
mfcc_d2_19_mean,0.0,0.0,0.0012625058098711887,0.001259319656728803
mfcc_d2_19_std,0.0,0.0,0.0035028650589038683,0.0020027136581442393
chroma_00_mean,0.004155296359762706,0.0017336157800328167,0.0,0.001837271242805238
chroma_00_std,0.0013205889076349164,0.0,0.004287935215441219,0.0
chroma_01_mean,0.0020853977024365,0.0,0.0,0.0
chroma_01_std,0.00292599719558561,0.0,0.0018800293450401857,0.0
chroma_02_mean,0.0,0.0,0.0028958213582753723,0.0016029755770665813
chroma_02_std,0.0,0.0,0.0,0.0
chroma_03_mean,0.0024292016026547,0.0,0.0,0.0041520418192049525
chroma_03_std,0.0033234908125955747,0.002316336216874451,0.007210629977014734,0.002474236943761936
chroma_04_mean,0.0,0.0,0.0018860466831636664,0.004196562028943868
chroma_04_std,0.0018658318856685796,0.0,0.002471286627309296,0.0024895492926756226
chroma_05_mean,0.0,1.142596308606789e-18,0.001538196990421269,0.0013853372878366893
chroma_05_std,0.0014587423363929914,0.003497799496118601,0.003266735079348931,0.0019515020957391169
chroma_06_mean,0.004225511080858748,0.0014695550335380757,0.005565861708898463,0.005128614717347227
chroma_06_std,0.0,0.0,0.0,0.0
chroma_07_mean,0.0,0.0,0.003161824140756771,0.0
chroma_07_std,0.0,0.0012315632779178087,0.0,0.0
chroma_08_mean,0.0,0.0,0.0,0.0
chroma_08_std,0.003917567653624338,0.005733162421384793,0.0016093150613472064,0.00593963404844774
chroma_09_mean,0.0,0.0013368425518410331,0.0,0.0
chroma_09_std,0.0013942495981429783,0.0,0.001533613548295795,0.0
chroma_10_mean,0.0015081122877803207,0.0,0.0,0.0
chroma_10_std,0.003852693563210824,0.0034895379928890752,0.0,0.0
chroma_11_mean,0.002444760571589891,0.0,0.006343531353243978,0.0
chroma_11_std,0.0,0.0,0.0012166128906364528,0.001213542556263129
prosody_f0_mean,0.03594260567102547,0.03475582277156424,0.03402486507211748,0.03542354729884484
prosody_f0_std,0.006203089629799346,0.0088566842746443,0.0,0.0
prosody_f0_min,0.010864264784042456,0.003381111215957747,0.0,0.0
prosody_f0_max,0.007085336826148906,0.002362689260756084,0.0,0.0
prosody_f0_median,0.011761310013400179,0.015694538764800613,0.014793939714814986,0.016381255823362036
prosody_f0_iqr,0.004057839363795991,0.0022445544001450254,0.004929734519367648,0.002887924953718388
prosody_f0_skew,0.005781364265769194,0.0007524204000229711,0.002309697584968319,0.003675935322769805
prosody_f0_kurt,0.0051863915714032245,0.005198495715872377,0.0,0.0
prosody_voiced_fraction,0.0,0.007173898496404689,0.0022253725124432673,0.0
prosody_f0_slope_abs_mean,0.0018516992097792413,0.0,0.008047290696699523,0.012022680832749717
prosody_n_voiced_segments,0.0,0.0,0.0,0.00015416325791121985
prosody_voiced_rate_per_s,0.0,0.00016336001612100376,0.0,0.0013810230109352589
prosody_mean_voiced_seg_s,0.0030026011952609703,0.0018208290479732293,0.003407874823851051,0.00307226912792556
prosody_pause_fraction,0.0,0.0,0.0,0.0
prosody_jitter_local,0.0,0.004029834860530823,0.0018928634919046275,0.0024579793772308784
prosody_jitter_rap,0.0,0.0,0.0,0.0022342270925193156
prosody_jitter_ppq5,0.0025598303227309426,0.0,0.00045870877757990135,0.0
prosody_jitter_ddp,0.0,0.0019310240688918125,0.0,0.0
prosody_shimmer_local,0.001287140543297423,0.0,0.005429662961263894,0.0
prosody_shimmer_localdb,0.0013871352692655231,0.0,0.0,0.0
prosody_shimmer_apq3,0.0,0.0,0.0,0.0
prosody_shimmer_apq5,0.004589152548407706,0.0,0.0,0.0014522221256381429
prosody_shimmer_apq11,0.0,0.0,0.0,0.0
prosody_shimmer_dda,0.0,0.004831900778761155,0.0,0.0
prosody_hnr_mean,0.008373736473073186,0.0,0.005827878597103831,0.0028143011361220277
prosody_hnr_std,0.006202969607467144,0.0,0.0017170762625588563,0.0017127429217639926
prosody_hnr_min,0.0,0.0,0.0002227291164981759,0.0
prosody_hnr_max,0.00018488806044483641,0.0017476171970885778,0.0026269406036948714,0.0007061914495318176
prosody_hnr_median,0.0,0.00992097769565463,0.0,0.0030625443710139404
prosody_f1_mean,0.0,0.0019107740266015886,0.0,0.0
prosody_f1_std,0.0015040872137254305,0.0,0.0,0.0059163346963391405
prosody_f1_median,0.0026030719948132164,0.0011716034455779255,0.0,0.001785974909506288
prosody_f1_bw_median,0.0,0.0013552227267394055,0.0,0.004244046796658301
prosody_f2_mean,0.005501221312784084,0.004411990847686134,0.0,0.0
prosody_f2_std,0.0015234661941466892,0.003274533496765085,0.0048558107504193815,0.003650733128014089
prosody_f2_median,0.0,0.0,0.0,0.0023498999377306903
prosody_f2_bw_median,0.005739892650046013,0.006037879366100024,0.0047837316137016705,0.0
prosody_f3_mean,0.0,0.0,0.0,0.0
prosody_f3_std,0.0,0.0,0.004767466384235087,0.0
prosody_f3_median,0.0,0.0,0.0,0.0
prosody_f3_bw_median,0.005601480588209379,0.002933224404702892,0.008797391661695344,0.008355892606542329
prosody_f4_mean,0.0,0.0,0.0,0.0
prosody_f4_std,0.0,0.0,0.0,0.0
prosody_f4_median,0.0010064644580566567,0.00373456032622916,0.0056502867078032665,0.0
prosody_f5_mean,0.003957774974647748,0.0,0.0,0.0
prosody_f5_std,0.0,0.0,0.0,0.0053925306347638756
prosody_f5_median,0.0030716650579959703,0.0016865430818614512,0.0,0.0
prosody_intensity_mean,0.003973218547949593,0.0022755844272452654,0.005308521543270748,0.005420368481353791
prosody_intensity_std,0.1922628906444351,0.19027333668484062,0.19450930198998898,0.194018423913299
prosody_intensity_min,0.013304102823080097,0.013553239805264608,0.0014545669943492612,0.0
prosody_intensity_max,0.0,0.001026287423074617,0.006131702369050715,0.0020860454398547402
prosody_intensity_median,0.00473291727852535,0.004714625949932572,0.0,0.005864492100159387
prosody_intensity_iqr,0.004395518689755474,0.005213198553095561,0.0,0.0019566742883286156
prosody_intensity_skew,0.0019524027950814735,0.0,0.0,0.0
prosody_intensity_kurt,0.0,0.004669880100384194,0.0015409908343253281,0.0
prosody_cpps,0.0033500375953426356,0.0019693364642823035,0.0041694680656030126,0.003939156584199495
