condition,model,note,accuracy,balanced_accuracy,macro_f1,weighted_f1,cohen_kappa,per_class_f1,log_loss,top2_accuracy
ref,decision_tree_entropy,readable model; Shannon-entropy splitting,0.4067073170731707,0.4081349206349207,0.4023043754443904,0.4021469425506538,0.2884889776699723,"{'ANG': 0.6237288135593221, 'DIS': 0.2536231884057971, 'FEA': 0.3074074074074074, 'HAP': 0.32926829268292684, 'NEU': 0.40875912408759124, 'SAD': 0.4910394265232975}",10.93214926513822,0.5841463414634146
ref,decision_tree_readable,depth-3 tree printed in the paper,0.39878048780487807,0.4069444444444444,0.32131942365646887,0.31894127473560796,0.28284548518715635,"{'ANG': 0.6350148367952523, 'DIS': 0.0, 'FEA': 0.0, 'HAP': 0.3069139966273187, 'NEU': 0.4188235294117647, 'SAD': 0.5671641791044776}",1.5477393638859849,0.623780487804878
ref,random_forest,ensemble of entropy trees,0.5231707317073171,0.5259920634920635,0.5064240163794371,0.5053850995144686,0.42829122162586264,"{'ANG': 0.6869300911854104, 'DIS': 0.35294117647058826, 'FEA': 0.4091954022988506, 'HAP': 0.44646098003629764, 'NEU': 0.5490196078431373, 'SAD': 0.593996840442338}",1.2659278589406413,0.7457317073170732
ref,lightgbm,boosted ensemble,0.5896341463414634,0.5907738095238094,0.5839986941267171,0.5836655830078565,0.5075492575671046,"{'ANG': 0.7275641025641025, 'DIS': 0.4649298597194389, 'FEA': 0.551094890510949, 'HAP': 0.55078125, 'NEU': 0.59765625, 'SAD': 0.611965811965812}",1.8708968546665146,0.7871951219512195
ref,logistic_regression,"linear, inspectable coefficients",0.5652439024390243,0.5668650793650793,0.5608000763849209,0.5597079394859428,0.47818714076612767,"{'ANG': 0.7327731092436974, 'DIS': 0.4090909090909091, 'FEA': 0.5397350993377483, 'HAP': 0.5391621129326047, 'NEU': 0.6055776892430279, 'SAD': 0.5384615384615384}",1.3837721967604166,0.7853658536585366
ref,lda,linear with covariance shrinkage,0.5847560975609756,0.5854166666666667,0.5795849378542396,0.579436829740491,0.5016065117275357,"{'ANG': 0.7723440134907251, 'DIS': 0.43186582809224316, 'FEA': 0.5394736842105263, 'HAP': 0.5559701492537313, 'NEU': 0.5856573705179283, 'SAD': 0.5921985815602837}",1.2608740092493713,0.7884146341463415
ref,svm_rbf,kernel machine,0.5853658536585366,0.5856150793650794,0.5807939292816177,0.5801179119885381,0.5020539382032505,"{'ANG': 0.7532467532467533, 'DIS': 0.47058823529411764, 'FEA': 0.5504, 'HAP': 0.5182341650671785, 'NEU': 0.6085106382978723, 'SAD': 0.5837837837837838}",1.1104445667734455,0.7865853658536586
ref,mlp_sklearn,shallow network,0.573170731707317,0.5742063492063493,0.5691303944492406,0.5681871632225557,0.4875640544931883,"{'ANG': 0.739413680781759, 'DIS': 0.46060606060606063, 'FEA': 0.5362776025236593, 'HAP': 0.5245283018867924, 'NEU': 0.6078028747433265, 'SAD': 0.5461538461538461}",1.857078371169076,0.7804878048780488
mp3_64,decision_tree_entropy,readable model; Shannon-entropy splitting,0.37926829268292683,0.37896825396825395,0.3763832050699601,0.37697791738873954,0.25494466262049276,"{'ANG': 0.5699831365935919, 'DIS': 0.2835538752362949, 'FEA': 0.3185840707964602, 'HAP': 0.2851985559566787, 'NEU': 0.352, 'SAD': 0.4489795918367347}",12.044646520674666,0.5713414634146341
mp3_64,decision_tree_readable,depth-3 tree printed in the paper,0.4,0.4080357142857143,0.3226919367839899,0.3202959482347986,0.2841858732101985,"{'ANG': 0.6385542168674698, 'DIS': 0.0, 'FEA': 0.0, 'HAP': 0.3089700996677741, 'NEU': 0.42092746730083236, 'SAD': 0.567699836867863}",1.544557442480384,0.625609756097561
mp3_64,random_forest,ensemble of entropy trees,0.5164634146341464,0.5188492063492064,0.4992980269216068,0.49834964176891877,0.4201355448546461,"{'ANG': 0.677710843373494, 'DIS': 0.35402298850574715, 'FEA': 0.3973509933774834, 'HAP': 0.4288354898336414, 'NEU': 0.5381818181818182, 'SAD': 0.5996860282574569}",1.2728721462462567,0.7365853658536585
mp3_64,lightgbm,boosted ensemble,0.5817073170731707,0.5831349206349207,0.5757127008290063,0.5753079449392822,0.4981084939329051,"{'ANG': 0.7427652733118971, 'DIS': 0.4798387096774194, 'FEA': 0.5385996409335727, 'HAP': 0.50390625, 'NEU': 0.5923076923076923, 'SAD': 0.5968586387434555}",1.8948400859794508,0.7859756097560976
mp3_64,logistic_regression,"linear, inspectable coefficients",0.5621951219512196,0.562797619047619,0.5581249966277296,0.5575269568357432,0.47435897435897434,"{'ANG': 0.7221297836938436, 'DIS': 0.42535787321063395, 'FEA': 0.53, 'HAP': 0.5415162454873647, 'NEU': 0.5826446280991735, 'SAD': 0.5471014492753623}",1.3873940232133073,0.7817073170731708
mp3_64,lda,linear with covariance shrinkage,0.5853658536585366,0.5860119047619047,0.5807975447979875,0.5807356962971254,0.5023561330858204,"{'ANG': 0.7653061224489796, 'DIS': 0.43711340206185567, 'FEA': 0.5457570715474209, 'HAP': 0.5518518518518518, 'NEU': 0.5833333333333334, 'SAD': 0.6014234875444839}",1.2559579830366618,0.7945121951219513
mp3_64,svm_rbf,kernel machine,0.5884146341463414,0.5887896825396824,0.5835815483219736,0.5826367666574723,0.505679991426428,"{'ANG': 0.75, 'DIS': 0.4816326530612245, 'FEA': 0.5615141955835962, 'HAP': 0.5217391304347826, 'NEU': 0.6223175965665236, 'SAD': 0.5642857142857143}",1.105341235083364,0.7920731707317074
mp3_64,mlp_sklearn,shallow network,0.5652439024390243,0.5655753968253968,0.5610332261584678,0.5605614564823084,0.47797282094323124,"{'ANG': 0.7382113821138211, 'DIS': 0.4765625, 'FEA': 0.5354330708661418, 'HAP': 0.5172413793103449, 'NEU': 0.5803757828810021, 'SAD': 0.5183752417794971}",2.1596089200337727,0.7792682926829269
mp4_aac64,decision_tree_entropy,readable model; Shannon-entropy splitting,0.39634146341463417,0.3982142857142858,0.39183882199410897,0.39137609055955525,0.2761480160499331,"{'ANG': 0.5793103448275863, 'DIS': 0.2874015748031496, 'FEA': 0.3146067415730337, 'HAP': 0.30245746691871456, 'NEU': 0.41081081081081083, 'SAD': 0.4564459930313589}",11.972151645753476,0.5817073170731707
mp4_aac64,decision_tree_readable,depth-3 tree printed in the paper,0.38170731707317074,0.38898809523809524,0.3093781808353551,0.30728473205479495,0.2622837370242215,"{'ANG': 0.6130030959752322, 'DIS': 0.0, 'FEA': 0.0, 'HAP': 0.29821717990275526, 'NEU': 0.39520958083832336, 'SAD': 0.5498392282958199}",1.5103344043189737,0.6091463414634146
mp4_aac64,random_forest,ensemble of entropy trees,0.5219512195121951,0.5243055555555555,0.5039832909665143,0.5028406445760397,0.42662456966518625,"{'ANG': 0.6786786786786787, 'DIS': 0.3456221198156682, 'FEA': 0.4, 'HAP': 0.45640074211502785, 'NEU': 0.5508317929759704, 'SAD': 0.5923664122137404}",1.2728610865791896,0.7414634146341463
mp4_aac64,lightgbm,boosted ensemble,0.5804878048780487,0.5824404761904762,0.5738072136692814,0.5730007986610289,0.4966811790735851,"{'ANG': 0.7334410339256866, 'DIS': 0.4256198347107438, 'FEA': 0.5451263537906137, 'HAP': 0.5328185328185329, 'NEU': 0.6068702290076335, 'SAD': 0.5989672977624785}",1.9005591350798452,0.7902439024390244
mp4_aac64,logistic_regression,"linear, inspectable coefficients",0.5689024390243902,0.5704365079365078,0.5649591155296169,0.5637595472707925,0.48251361242524327,"{'ANG': 0.7308970099667774, 'DIS': 0.4393305439330544, 'FEA': 0.523972602739726, 'HAP': 0.534965034965035, 'NEU': 0.6141414141414141, 'SAD': 0.546448087431694}",1.4063951035145592,0.7798780487804878
mp4_aac64,lda,linear with covariance shrinkage,0.5774390243902439,0.5787698412698413,0.5727999728409628,0.5721749673773183,0.4928785607196402,"{'ANG': 0.7491638795986622, 'DIS': 0.4365904365904366, 'FEA': 0.5286195286195287, 'HAP': 0.5495327102803739, 'NEU': 0.5984251968503937, 'SAD': 0.574468085106383}",1.2845724708675506,0.7908536585365854
mp4_aac64,svm_rbf,kernel machine,0.5713414634146341,0.5718253968253969,0.5653496352371712,0.5647676356513154,0.48532195278740053,"{'ANG': 0.7416798732171157, 'DIS': 0.4331983805668016, 'FEA': 0.5286195286195287, 'HAP': 0.525911708253359, 'NEU': 0.5892116182572614, 'SAD': 0.5734767025089605}",1.115472179103609,0.7859756097560976
mp4_aac64,mlp_sklearn,shallow network,0.5676829268292682,0.5693452380952381,0.5650024046330591,0.563885915889627,0.48110529979829,"{'ANG': 0.7288428324697754, 'DIS': 0.4259634888438134, 'FEA': 0.5365853658536586, 'HAP': 0.5377532228360957, 'NEU': 0.6107784431137725, 'SAD': 0.5500910746812386}",1.5496081297862225,0.7737804878048781
roundtrip_wav,decision_tree_entropy,readable model; Shannon-entropy splitting,0.36829268292682926,0.36904761904761907,0.36606371866673276,0.36610609288515134,0.24213606437454283,"{'ANG': 0.5673758865248227, 'DIS': 0.2681992337164751, 'FEA': 0.30127041742286753, 'HAP': 0.26788990825688075, 'NEU': 0.36432637571157495, 'SAD': 0.4273204903677758}",11.330688330266838,0.5719512195121951
roundtrip_wav,decision_tree_readable,depth-3 tree printed in the paper,0.38170731707317074,0.38898809523809524,0.3093781808353551,0.30728473205479495,0.2622837370242215,"{'ANG': 0.6130030959752322, 'DIS': 0.0, 'FEA': 0.0, 'HAP': 0.29821717990275526, 'NEU': 0.39520958083832336, 'SAD': 0.5498392282958199}",1.507823010287647,0.6097560975609756
roundtrip_wav,random_forest,ensemble of entropy trees,0.5207317073170732,0.5231150793650793,0.504093815950529,0.5030279549335405,0.4251926369863013,"{'ANG': 0.6747720364741642, 'DIS': 0.3553530751708428, 'FEA': 0.39285714285714285, 'HAP': 0.46153846153846156, 'NEU': 0.5477941176470589, 'SAD': 0.5922480620155038}",1.2753135272684295,0.7445121951219512
roundtrip_wav,lightgbm,boosted ensemble,0.5829268292682926,0.5846230158730159,0.5767325178594683,0.5760428321021048,0.49956280447545454,"{'ANG': 0.732484076433121, 'DIS': 0.45564516129032256, 'FEA': 0.5421903052064632, 'HAP': 0.530938123752495, 'NEU': 0.605009633911368, 'SAD': 0.5941278065630398}",1.873286179693951,0.800609756097561
roundtrip_wav,logistic_regression,"linear, inspectable coefficients",0.5658536585365853,0.5673611111111111,0.561866911809163,0.5607503517252034,0.47887248513844016,"{'ANG': 0.7357859531772575, 'DIS': 0.42916666666666664, 'FEA': 0.5227655986509275, 'HAP': 0.532399299474606, 'NEU': 0.607645875251509, 'SAD': 0.5434380776340111}",1.4007390466419083,0.7804878048780488
roundtrip_wav,lda,linear with covariance shrinkage,0.5829268292682926,0.5843253968253969,0.5786303942260861,0.5778970952517488,0.4994466854674615,"{'ANG': 0.7504187604690117, 'DIS': 0.44490644490644493, 'FEA': 0.5279187817258884, 'HAP': 0.5541284403669725, 'NEU': 0.6086956521739131, 'SAD': 0.5857142857142857}",1.2841890244218985,0.7939024390243903
roundtrip_wav,svm_rbf,kernel machine,0.5713414634146341,0.5720238095238096,0.5651747616027168,0.5644162608631376,0.48533114297448354,"{'ANG': 0.7436708860759493, 'DIS': 0.41767068273092367, 'FEA': 0.5292096219931272, 'HAP': 0.5287356321839081, 'NEU': 0.5962732919254659, 'SAD': 0.5754884547069272}",1.116260476694593,0.7908536585365854
roundtrip_wav,mlp_sklearn,shallow network,0.5585365853658537,0.5577380952380953,0.5565954449731639,0.556170165810056,0.46954019907432243,"{'ANG': 0.7138047138047138, 'DIS': 0.4521072796934866, 'FEA': 0.529886914378029, 'HAP': 0.5204460966542751, 'NEU': 0.5740318906605922, 'SAD': 0.5492957746478874}",1.4353363643835062,0.7780487804878049
