feature,importance,family
mfcc_00_iqr,0.015280115476259577,mfcc
prosody_intensity_min,0.013162639464614418,prosody
prosody_intensity_std,0.01305001332948328,prosody
mfcc_00_std,0.012459718558213716,mfcc
mfcc_d1_00_std,0.012083001875038244,mfcc
prosody_intensity_mean,0.008992828364904734,prosody
prosody_intensity_iqr,0.008916170821606265,prosody
mfcc_d2_00_std,0.006398970207732204,mfcc
spectral_rms_mean,0.0062450905242775355,spectral
spectral_flux_median,0.004980708432013106,spectral
spectral_band_0_500_mean,0.004837602375108075,spectral
spectral_flux_min,0.004587574212639716,spectral
spectral_band_0_500_std,0.00414046842861269,spectral
spectral_centroid_iqr,0.0038163752887536927,spectral
mfcc_02_std,0.0035421682040894715,mfcc
spectral_rms_median,0.0016756958012204269,spectral
duration_s,0.001347962552424618,other
spectral_slope_mean,0.001319907754267576,spectral
mfcc_00_mean,0.0012012878900392288,mfcc
spectral_zcr_median,0.0009996679364973214,spectral
mfcc_d1_02_std,0.0009874790954294188,mfcc
mfcc_02_iqr,0.0009757028910176502,mfcc
spectral_centroid_median,0.0009722107682105971,spectral
spectral_flux_mean,0.0008118122270284929,spectral
spectral_band_500_1000_mean,0.0007206310913733178,spectral
spectral_rolloff85_iqr,0.0006531062580580991,spectral
spectral_centroid_mean,0.0006310720328153046,spectral
prosody_f0_max,0.0006224922345537715,prosody
prosody_f0_mean,0.0005964297178434074,prosody
spectral_slope_median,0.0004791563284046457,spectral
spectral_band_2000_3000_mean,0.00047330976624274877,spectral
mfcc_09_mean,0.00037939452179484715,mfcc
mfcc_d1_04_std,0.0003735429548905368,mfcc
prosody_intensity_median,0.0003653368209344158,prosody
chroma_08_std,0.00036277719692950195,chroma
mfcc_d2_04_std,0.0003412494422324106,mfcc
prosody_hnr_median,0.0003343367141421839,prosody
mfcc_13_skew,0.0003101394997137861,mfcc
mfcc_d2_02_std,0.00029435052066195086,mfcc
chroma_09_std,0.00028807492797383876,chroma
spectral_band_1000_2000_std,0.00027961734216071834,spectral
prosody_f3_bw_median,0.0002750615573985177,prosody
spectral_rms_min,0.00026207994273791147,spectral
spectral_flux_std,0.0002593931074563064,spectral
spectral_rolloff85_mean,0.00025250537267325536,spectral
spectral_band_500_1000_std,0.00025142505808143316,spectral
chroma_10_mean,0.0002501401168780356,chroma
mfcc_00_min,0.0002265606245861999,mfcc
chroma_11_mean,0.00022259107394737742,chroma
spectral_bandwidth_std,0.0002169657903284208,spectral
mfcc_02_median,0.0002127436705704206,mfcc
mfcc_04_max,0.0002084997556635542,mfcc
prosody_hnr_std,0.00020611501189736492,prosody
spectral_rolloff95_max,0.00020415378325376547,spectral
mfcc_12_min,0.00020387334204721795,mfcc
mfcc_d1_03_std,0.00020366444165690207,mfcc
mfcc_d2_05_mean,0.00020096577568124967,mfcc
mfcc_d1_07_std,0.00020046963725337403,mfcc
spectral_flux_iqr,0.00019796542825729603,spectral
spectral_rolloff85_median,0.00019758332039922962,spectral
spectral_bandwidth_kurt,0.00019632279422350578,spectral
mfcc_02_mean,0.0001962236195808906,mfcc
mfcc_d2_04_mean,0.00019342631469164244,mfcc
mfcc_13_iqr,0.00019209704709044294,mfcc
mfcc_00_median,0.00019195517701714782,mfcc
mfcc_d2_09_mean,0.0001881935486869741,mfcc
mfcc_d1_13_std,0.00018788307433490552,mfcc
spectral_zcr_iqr,0.00018444249700991512,spectral
prosody_f0_std,0.00017146935766969377,prosody
mfcc_05_skew,0.00017068894218615665,mfcc
spectral_bandwidth_median,0.0001697207733580064,spectral
prosody_f0_median,0.0001657419227887367,prosody
mfcc_16_kurt,0.00016439710879701108,mfcc
spectral_flatness_mean,0.00016329376493411544,spectral
chroma_07_std,0.00016243191569056685,chroma
mfcc_d2_12_mean,0.00016160974831749253,mfcc
spectral_zcr_kurt,0.0001591264599839072,spectral
mfcc_07_min,0.00015558636942029268,mfcc
mfcc_17_skew,0.00015558347628049038,mfcc
spectral_slope_std,0.00015470600314263292,spectral
mfcc_10_max,0.00014335860833972598,mfcc
mfcc_11_median,0.0001430573112279468,mfcc
mfcc_d2_02_mean,0.00014187234748678024,mfcc
prosody_f5_mean,0.000141780764643394,prosody
mfcc_d2_06_mean,0.00013978918688347755,mfcc
mfcc_d1_18_mean,0.00013937155830871185,mfcc
spectral_rolloff85_skew,0.00013616379324794044,spectral
chroma_08_mean,0.00013419129006513,chroma
mfcc_02_min,0.0001333102345132123,mfcc
prosody_f4_std,0.0001327993944040172,prosody
mfcc_04_mean,0.00013273458245052693,mfcc
mfcc_d2_08_std,0.0001326421390931586,mfcc
prosody_f0_min,0.00013218523005011716,prosody
chroma_06_mean,0.00013168601739917772,chroma
prosody_pause_fraction,0.0001306366664406186,prosody
mfcc_06_min,0.00012955115204712402,mfcc
spectral_contrast_5_mean,0.00012379719185389568,spectral
chroma_10_std,0.0001222049578779678,chroma
mfcc_18_std,0.00012195216179699345,mfcc
mfcc_d2_13_std,0.00012038153991643632,mfcc
mfcc_05_median,0.00012005348793109887,mfcc
mfcc_11_kurt,0.00011975979578308753,mfcc
mfcc_02_kurt,0.00011933304786595164,mfcc
prosody_hnr_min,0.00011893016717985048,prosody
mfcc_08_kurt,0.00011846149927295369,mfcc
mfcc_d1_14_mean,0.00011830002181562694,mfcc
mfcc_18_mean,0.00011752121044505357,mfcc
mfcc_06_max,0.00011751653349255188,mfcc
spectral_band_1000_2000_mean,0.00011633006445242925,spectral
spectral_entropy_median,0.00011572807902736661,spectral
mfcc_14_kurt,0.0001148343641020891,mfcc
prosody_shimmer_apq3,0.00011329985645745768,prosody
prosody_f4_mean,0.00011087096725924045,prosody
prosody_f1_median,0.00010863534550047009,prosody
mfcc_d2_17_mean,0.00010818821282844313,mfcc
mfcc_18_skew,0.00010738086804058713,mfcc
spectral_bandwidth_min,0.0001062722082441146,spectral
mfcc_d1_00_mean,0.00010563869206528932,mfcc
spectral_zcr_std,0.00010547400260892986,spectral
mfcc_03_std,0.00010545833082881965,mfcc
mfcc_d2_14_std,0.00010470344685998119,mfcc
mfcc_07_mean,0.00010448015637028692,mfcc
mfcc_19_iqr,0.00010393178189168019,mfcc
mfcc_09_kurt,0.00010392890742152157,mfcc
spectral_rolloff95_std,0.00010392686618866992,spectral
mfcc_d1_17_mean,0.00010369553358858666,mfcc
mfcc_04_iqr,0.00010278849637402083,mfcc
mfcc_18_min,0.00010208470456587086,mfcc
spectral_rms_max,0.00010164410566632292,spectral
spectral_contrast_1_mean,0.0001011589993280662,spectral
mfcc_04_kurt,0.0001007078574405188,mfcc
spectral_entropy_iqr,0.0001003949436037478,spectral
prosody_intensity_max,9.964081782704345e-05,prosody
mfcc_d2_06_std,9.960334772433759e-05,mfcc
mfcc_d1_08_std,9.94836178248902e-05,mfcc
mfcc_14_min,9.664394346751362e-05,mfcc
mfcc_05_mean,9.646252459055701e-05,mfcc
spectral_rolloff95_min,9.467210871226715e-05,spectral
spectral_entropy_min,9.343396797968667e-05,spectral
mfcc_d2_17_std,9.314006120294911e-05,mfcc
mfcc_08_min,9.228942988440314e-05,mfcc
spectral_rolloff85_min,9.168734780442028e-05,spectral
spectral_centroid_std,9.154840787513743e-05,spectral
mfcc_19_kurt,8.940740807699028e-05,mfcc
spectral_contrast_1_std,8.769496642509916e-05,spectral
spectral_contrast_0_mean,8.675115487916033e-05,spectral
chroma_00_mean,8.606042593710148e-05,chroma
mfcc_09_skew,8.573218950063361e-05,mfcc
mfcc_01_skew,8.437329782436542e-05,mfcc
spectral_band_6000_8000_std,8.373330103227129e-05,spectral
mfcc_d1_16_mean,8.3552058870953e-05,mfcc
mfcc_01_max,8.279943218481089e-05,mfcc
mfcc_04_min,8.228772730161102e-05,mfcc
spectral_flatness_median,8.109959702740746e-05,spectral
spectral_rolloff95_mean,7.956386409748153e-05,spectral
prosody_cpps,7.893361811376259e-05,prosody
mfcc_d2_09_std,7.87681220241051e-05,mfcc
mfcc_d1_03_mean,7.53456736069008e-05,mfcc
mfcc_16_median,7.524640587877165e-05,mfcc
mfcc_07_median,7.517353147331956e-05,mfcc
mfcc_d2_00_mean,7.461653432202694e-05,mfcc
mfcc_18_max,7.382870801257535e-05,mfcc
mfcc_d2_01_std,7.33401825479241e-05,mfcc
chroma_06_std,7.307699197285296e-05,chroma
spectral_flatness_std,7.302512891569648e-05,spectral
prosody_f3_std,7.280853978049764e-05,prosody
mfcc_02_max,7.236480956505918e-05,mfcc
mfcc_10_skew,7.221703126753686e-05,mfcc
mfcc_08_std,7.20895022550089e-05,mfcc
chroma_05_std,7.130162718831093e-05,chroma
mfcc_d2_12_std,7.115379054060843e-05,mfcc
mfcc_10_mean,7.027845038250888e-05,mfcc
spectral_centroid_skew,7.008380540764395e-05,spectral
spectral_flatness_skew,6.879185444031237e-05,spectral
chroma_11_std,6.86658959197354e-05,chroma
prosody_f3_mean,6.833156631459303e-05,prosody
spectral_flux_max,6.811250084722437e-05,spectral
mfcc_d2_19_mean,6.687668066714366e-05,mfcc
prosody_hnr_max,6.67242640662956e-05,prosody
spectral_rolloff85_std,6.666730019703787e-05,spectral
mfcc_d2_16_mean,6.561736928207716e-05,mfcc
mfcc_d1_02_mean,6.319306435615965e-05,mfcc
spectral_slope_max,6.246045342798257e-05,spectral
prosody_f0_kurt,6.136552344953568e-05,prosody
mfcc_d1_16_std,6.057785571961284e-05,mfcc
prosody_f2_bw_median,5.9098600933754664e-05,prosody
spectral_contrast_4_std,5.823067389722917e-05,spectral
mfcc_14_iqr,5.738033992385458e-05,mfcc
spectral_flux_kurt,5.730984279868873e-05,spectral
mfcc_03_max,5.67107674210158e-05,mfcc
mfcc_d1_10_mean,5.5951899366345144e-05,mfcc
mfcc_14_max,5.581369852870483e-05,mfcc
mfcc_01_min,5.5218128401522954e-05,mfcc
mfcc_d2_10_mean,5.442653381327188e-05,mfcc
mfcc_10_kurt,5.2975163368754214e-05,mfcc
mfcc_d1_12_mean,5.2556143334807845e-05,mfcc
mfcc_06_mean,5.124099128470369e-05,mfcc
mfcc_08_skew,5.111324379067196e-05,mfcc
mfcc_09_iqr,5.052628828515224e-05,mfcc
prosody_f5_std,4.841906032932656e-05,prosody
prosody_shimmer_localdb,4.7730876116942536e-05,prosody
spectral_bandwidth_mean,4.773059078437528e-05,spectral
mfcc_d2_18_std,4.492560488900251e-05,mfcc
mfcc_d2_05_std,4.4773233232374663e-05,mfcc
mfcc_d2_07_std,4.3965780848600104e-05,mfcc
prosody_shimmer_local,4.3965147526621124e-05,prosody
spectral_bandwidth_iqr,4.2477644732958495e-05,spectral
prosody_shimmer_apq5,4.2190428454437335e-05,prosody
prosody_f0_skew,4.201631025060987e-05,prosody
spectral_rolloff95_skew,4.1808206387068335e-05,spectral
mfcc_18_kurt,4.175609653060755e-05,mfcc
spectral_zcr_mean,4.1504016877038674e-05,spectral
spectral_flatness_iqr,4.1185159843475234e-05,spectral
mfcc_14_std,4.050881600071022e-05,mfcc
mfcc_d1_18_std,4.015161161657017e-05,mfcc
prosody_f2_mean,3.988120497301843e-05,prosody
mfcc_d2_16_std,3.658161555315394e-05,mfcc
chroma_01_mean,3.4264274450613456e-05,chroma
mfcc_d2_19_std,3.246192017285522e-05,mfcc
chroma_05_mean,3.223655115758111e-05,chroma
spectral_hf_ratio_4000_mean,2.929664471416279e-05,spectral
prosody_voiced_fraction,2.763332255696103e-05,prosody
mfcc_07_kurt,2.52692961692793e-05,mfcc
mfcc_11_max,2.305105934368695e-05,mfcc
prosody_f2_median,2.15943042385529e-05,prosody
mfcc_04_skew,2.0112592966685214e-05,mfcc
mfcc_02_skew,1.8722903574868513e-05,mfcc
spectral_bandwidth_max,1.7946665063717142e-05,spectral
mfcc_04_median,1.14178394301079e-05,mfcc
mfcc_07_max,1.0566286774330086e-05,mfcc
spectral_rms_skew,7.401038191727838e-06,spectral
mfcc_d1_10_std,6.594730019136376e-06,mfcc
chroma_03_mean,4.066101587271458e-06,chroma
mfcc_d1_15_mean,7.064309695231583e-07,mfcc
