feature,importance,kind,family
prosody_intensity_std,0.1533945592742765,impurity/gain,prosody
mfcc_d1_00_std,0.120416513158717,impurity/gain,mfcc
prosody_f0_mean,0.03236240917921338,impurity/gain,prosody
duration_s,0.023173585319732445,impurity/gain,other
mfcc_02_std,0.015610861612097444,impurity/gain,mfcc
spectral_band_3000_4000_mean,0.012778506744804763,impurity/gain,spectral
prosody_hnr_median,0.011962644173060775,impurity/gain,prosody
prosody_f0_max,0.010682110747371217,impurity/gain,prosody
mfcc_10_median,0.010577346737991539,impurity/gain,mfcc
mfcc_00_std,0.010391611054826616,impurity/gain,mfcc
prosody_f0_iqr,0.009922155507589181,impurity/gain,prosody
spectral_band_0_500_mean,0.009808139342020421,impurity/gain,spectral
spectral_centroid_iqr,0.009034349090365917,impurity/gain,spectral
prosody_f0_min,0.008927347475364257,impurity/gain,prosody
chroma_08_std,0.008001307985356736,impurity/gain,chroma
mfcc_12_max,0.007844955932300429,impurity/gain,mfcc
mfcc_d1_03_std,0.007456299267635991,impurity/gain,mfcc
mfcc_03_skew,0.007332348503720647,impurity/gain,mfcc
prosody_f5_median,0.0072423872141368665,impurity/gain,prosody
mfcc_07_std,0.007103366265324893,impurity/gain,mfcc
spectral_entropy_median,0.007027321022353742,impurity/gain,spectral
spectral_contrast_1_std,0.006896646910956865,impurity/gain,spectral
spectral_centroid_median,0.006750079101621337,impurity/gain,spectral
mfcc_13_max,0.006550187837442335,impurity/gain,mfcc
mfcc_d2_02_std,0.006518062830258639,impurity/gain,mfcc
mfcc_d2_00_std,0.006341746489373548,impurity/gain,mfcc
mfcc_09_kurt,0.006333042814640391,impurity/gain,mfcc
spectral_contrast_1_mean,0.00624238867352088,impurity/gain,spectral
prosody_intensity_kurt,0.005940203148497412,impurity/gain,prosody
mfcc_16_max,0.005665556400061504,impurity/gain,mfcc
mfcc_03_std,0.005593634046420566,impurity/gain,mfcc
prosody_f4_std,0.005547033384172529,impurity/gain,prosody
spectral_entropy_kurt,0.005449758403900054,impurity/gain,spectral
mfcc_d1_11_mean,0.005416936574110394,impurity/gain,mfcc
prosody_f0_skew,0.005218409592418496,impurity/gain,prosody
mfcc_d1_02_std,0.005174515866590029,impurity/gain,mfcc
mfcc_19_skew,0.005016568671317413,impurity/gain,mfcc
prosody_f3_std,0.004979883076485534,impurity/gain,prosody
mfcc_d1_15_std,0.004743346148472165,impurity/gain,mfcc
mfcc_04_mean,0.004645037788276345,impurity/gain,mfcc
prosody_f4_mean,0.004614437017574559,impurity/gain,prosody
mfcc_03_iqr,0.004491408353862961,impurity/gain,mfcc
mfcc_09_mean,0.004410771371415638,impurity/gain,mfcc
mfcc_13_iqr,0.004381577017176921,impurity/gain,mfcc
spectral_band_0_500_std,0.0043708795466780226,impurity/gain,spectral
mfcc_02_max,0.0043534176706112775,impurity/gain,mfcc
mfcc_03_min,0.004306918724503753,impurity/gain,mfcc
mfcc_d2_15_mean,0.004302577107052817,impurity/gain,mfcc
spectral_bandwidth_mean,0.0042729411528152255,impurity/gain,spectral
mfcc_00_iqr,0.004224288412778504,impurity/gain,mfcc
prosody_shimmer_local,0.004125105168164798,impurity/gain,prosody
mfcc_14_median,0.004056674983427521,impurity/gain,mfcc
mfcc_d2_16_std,0.004045514144976342,impurity/gain,mfcc
mfcc_d2_10_std,0.003997593159598465,impurity/gain,mfcc
spectral_flatness_min,0.003891374998162598,impurity/gain,spectral
mfcc_15_kurt,0.0038903913826320758,impurity/gain,mfcc
mfcc_d2_08_std,0.003790087374500149,impurity/gain,mfcc
chroma_06_mean,0.003784532078729485,impurity/gain,chroma
spectral_band_1000_2000_mean,0.0037444552022121535,impurity/gain,spectral
mfcc_13_kurt,0.0037401665905248543,impurity/gain,mfcc
mfcc_16_std,0.003719692363457791,impurity/gain,mfcc
mfcc_04_skew,0.003551560767116034,impurity/gain,mfcc
prosody_f0_median,0.003487127235542585,impurity/gain,prosody
prosody_intensity_min,0.0034867416616625076,impurity/gain,prosody
mfcc_d2_01_mean,0.0034540226523103673,impurity/gain,mfcc
mfcc_09_median,0.003443932747781953,impurity/gain,mfcc
mfcc_09_std,0.0034254809054496053,impurity/gain,mfcc
mfcc_d1_04_std,0.003421398977858919,impurity/gain,mfcc
spectral_flux_std,0.003380538108173892,impurity/gain,spectral
mfcc_03_mean,0.003353165122654748,impurity/gain,mfcc
mfcc_18_mean,0.003303479894739973,impurity/gain,mfcc
mfcc_17_min,0.0032915129872427757,impurity/gain,mfcc
mfcc_d2_04_std,0.0032909360677690178,impurity/gain,mfcc
spectral_zcr_iqr,0.0032793617138491696,impurity/gain,spectral
mfcc_01_max,0.0032395460209130767,impurity/gain,mfcc
spectral_rms_iqr,0.003208729057043151,impurity/gain,spectral
mfcc_11_std,0.003151586253000615,impurity/gain,mfcc
mfcc_15_skew,0.0031336775376681813,impurity/gain,mfcc
spectral_bandwidth_iqr,0.0031279111568747226,impurity/gain,spectral
spectral_slope_median,0.003082544068081395,impurity/gain,spectral
mfcc_02_kurt,0.003057979519424242,impurity/gain,mfcc
mfcc_10_std,0.0030492069650757134,impurity/gain,mfcc
mfcc_d1_16_mean,0.0030445539343716987,impurity/gain,mfcc
spectral_flux_iqr,0.00304041626984123,impurity/gain,spectral
mfcc_09_max,0.00298713352800842,impurity/gain,mfcc
prosody_pause_fraction,0.00296779248226874,impurity/gain,prosody
spectral_hf_ratio_4000_std,0.002955506887944184,impurity/gain,spectral
mfcc_09_iqr,0.0029508435114203365,impurity/gain,mfcc
chroma_09_mean,0.0029427598373707037,impurity/gain,chroma
mfcc_12_min,0.0029413469373126707,impurity/gain,mfcc
prosody_f4_median,0.0029392995033331528,impurity/gain,prosody
mfcc_19_mean,0.0029311699230039675,impurity/gain,mfcc
spectral_contrast_6_std,0.002928678713415181,impurity/gain,spectral
mfcc_05_min,0.0028990355562857084,impurity/gain,mfcc
spectral_slope_iqr,0.0028805779375751565,impurity/gain,spectral
spectral_flatness_median,0.0028750851405136076,impurity/gain,spectral
spectral_flux_median,0.002845420529241591,impurity/gain,spectral
prosody_f1_median,0.002823198620230455,impurity/gain,prosody
prosody_voiced_fraction,0.00281489925949086,impurity/gain,prosody
spectral_centroid_skew,0.0027961417712403674,impurity/gain,spectral
chroma_01_std,0.0027508023873400087,impurity/gain,chroma
spectral_zcr_std,0.0027457611592941336,impurity/gain,spectral
mfcc_10_iqr,0.002716953135275137,impurity/gain,mfcc
mfcc_08_min,0.0026846865085267957,impurity/gain,mfcc
spectral_rolloff95_kurt,0.0026762552587234656,impurity/gain,spectral
spectral_band_2000_3000_std,0.0026717472245070873,impurity/gain,spectral
prosody_f2_std,0.0026630927405222916,impurity/gain,prosody
chroma_02_mean,0.0026440108102846385,impurity/gain,chroma
spectral_entropy_std,0.002639155034404408,impurity/gain,spectral
mfcc_17_kurt,0.0026384937520405887,impurity/gain,mfcc
spectral_bandwidth_kurt,0.002635807850321065,impurity/gain,spectral
mfcc_12_skew,0.0026183150922587245,impurity/gain,mfcc
mfcc_d1_02_mean,0.0025843292140797086,impurity/gain,mfcc
mfcc_00_mean,0.0025677253676920013,impurity/gain,mfcc
mfcc_16_kurt,0.002560465030159711,impurity/gain,mfcc
spectral_centroid_kurt,0.0025329638613237056,impurity/gain,spectral
spectral_band_5000_6000_std,0.0025253041846475606,impurity/gain,spectral
chroma_10_std,0.0025022219684210406,impurity/gain,chroma
spectral_flux_min,0.002499683930029119,impurity/gain,spectral
mfcc_01_std,0.002492019697479737,impurity/gain,mfcc
mfcc_d1_01_mean,0.0024920128837244895,impurity/gain,mfcc
spectral_rolloff85_max,0.0024156349244544417,impurity/gain,spectral
prosody_shimmer_localdb,0.0023652676738123955,impurity/gain,prosody
prosody_hnr_mean,0.0022504952624279573,impurity/gain,prosody
chroma_08_mean,0.002241633823673512,impurity/gain,chroma
spectral_contrast_5_std,0.0022411336710261554,impurity/gain,spectral
mfcc_08_max,0.0022369360860403295,impurity/gain,mfcc
prosody_intensity_iqr,0.002234380795227878,impurity/gain,prosody
prosody_intensity_skew,0.0022334820407117115,impurity/gain,prosody
prosody_f5_mean,0.002205155280636702,impurity/gain,prosody
mfcc_d1_05_std,0.0021951905747529445,impurity/gain,mfcc
spectral_band_500_1000_mean,0.002161453785620385,impurity/gain,spectral
chroma_05_std,0.0021487078921474446,impurity/gain,chroma
mfcc_d2_18_mean,0.0021477639907428853,impurity/gain,mfcc
mfcc_d2_01_std,0.0021397360385917255,impurity/gain,mfcc
prosody_f1_mean,0.002132706261159708,impurity/gain,prosody
mfcc_d2_12_mean,0.002102766077394431,impurity/gain,mfcc
chroma_03_mean,0.002095798969939759,impurity/gain,chroma
mfcc_d2_18_std,0.002087494830785404,impurity/gain,mfcc
mfcc_d1_17_mean,0.002082823995188721,impurity/gain,mfcc
mfcc_19_iqr,0.00207945675009439,impurity/gain,mfcc
mfcc_10_kurt,0.002068244928781743,impurity/gain,mfcc
prosody_f3_mean,0.0020571158010396252,impurity/gain,prosody
mfcc_03_median,0.0020490395380436547,impurity/gain,mfcc
chroma_09_std,0.002047189339907197,impurity/gain,chroma
mfcc_04_iqr,0.00202489886824308,impurity/gain,mfcc
mfcc_19_median,0.0019843056752274616,impurity/gain,mfcc
mfcc_18_kurt,0.001968488116476512,impurity/gain,mfcc
spectral_band_500_1000_std,0.0019597843396158307,impurity/gain,spectral
mfcc_04_std,0.0019593831356754937,impurity/gain,mfcc
chroma_01_mean,0.0019337710632078826,impurity/gain,chroma
spectral_entropy_max,0.001927461636270329,impurity/gain,spectral
mfcc_13_mean,0.0019259822900310423,impurity/gain,mfcc
mfcc_05_std,0.0018911560076520105,impurity/gain,mfcc
spectral_rolloff85_std,0.001865549166633847,impurity/gain,spectral
mfcc_10_mean,0.001859404527877516,impurity/gain,mfcc
mfcc_d2_19_std,0.0017901283307906943,impurity/gain,mfcc
mfcc_08_std,0.0017868683433994357,impurity/gain,mfcc
mfcc_16_skew,0.0017567254695615066,impurity/gain,mfcc
spectral_band_2000_3000_mean,0.0017391652300751542,impurity/gain,spectral
mfcc_12_kurt,0.00172727226266521,impurity/gain,mfcc
mfcc_d1_09_std,0.001721417195829803,impurity/gain,mfcc
mfcc_d1_07_mean,0.0017169250197558883,impurity/gain,mfcc
mfcc_00_skew,0.001686529534826122,impurity/gain,mfcc
spectral_slope_mean,0.0016725359112808264,impurity/gain,spectral
mfcc_14_max,0.001667506293222362,impurity/gain,mfcc
spectral_rolloff85_kurt,0.0016433795817095706,impurity/gain,spectral
mfcc_04_max,0.001630720286191128,impurity/gain,mfcc
mfcc_19_max,0.0016290130853990252,impurity/gain,mfcc
spectral_band_6000_8000_mean,0.001616482657074433,impurity/gain,spectral
mfcc_d2_19_mean,0.0016058218922435684,impurity/gain,mfcc
mfcc_d1_19_mean,0.001551316692458262,impurity/gain,mfcc
mfcc_02_min,0.001547434984494811,impurity/gain,mfcc
mfcc_14_mean,0.0015377175518706552,impurity/gain,mfcc
chroma_00_mean,0.0015307140029026736,impurity/gain,chroma
mfcc_07_iqr,0.0015119518824459998,impurity/gain,mfcc
mfcc_16_median,0.0015038876198912629,impurity/gain,mfcc
spectral_rolloff85_skew,0.001470309594200364,impurity/gain,spectral
spectral_flatness_max,0.0014675095586968586,impurity/gain,spectral
mfcc_13_min,0.0014520275068349935,impurity/gain,mfcc
spectral_rms_min,0.001444400400958939,impurity/gain,spectral
prosody_voiced_rate_per_s,0.0014203102165770184,impurity/gain,prosody
spectral_slope_min,0.0013960582186191438,impurity/gain,spectral
mfcc_d1_08_std,0.001359186088774825,impurity/gain,mfcc
mfcc_d1_15_mean,0.001334978532842976,impurity/gain,mfcc
mfcc_02_iqr,0.0013246271565297344,impurity/gain,mfcc
mfcc_11_min,0.001272394972451346,impurity/gain,mfcc
mfcc_00_max,0.0011199289708380706,impurity/gain,mfcc
spectral_slope_skew,0.0011191336310204271,impurity/gain,spectral
spectral_contrast_2_mean,0.0011172293796109694,impurity/gain,spectral
spectral_contrast_0_std,0.0011057173655827928,impurity/gain,spectral
mfcc_d1_17_std,0.0009858709995947618,impurity/gain,mfcc
prosody_f2_median,0.0008606469830490696,impurity/gain,prosody
prosody_f2_bw_median,0.0008248532941459528,impurity/gain,prosody
mfcc_d2_04_mean,0.0007950818159515418,impurity/gain,mfcc
mfcc_d1_18_std,0.0007298510146845512,impurity/gain,mfcc
spectral_bandwidth_skew,0.0007030297666039375,impurity/gain,spectral
spectral_rms_std,0.0007028616185279775,impurity/gain,spectral
mfcc_16_mean,0.0006686634093236785,impurity/gain,mfcc
mfcc_d2_09_std,0.0005683297334348441,impurity/gain,mfcc
spectral_band_3000_4000_std,0.0005568891575371389,impurity/gain,spectral
spectral_band_4000_5000_mean,0.0004959823793080627,impurity/gain,spectral
mfcc_08_kurt,0.000470784590286685,impurity/gain,mfcc
mfcc_d1_12_std,0.0004556916120123769,impurity/gain,mfcc
spectral_rolloff95_max,0.00039383352275115764,impurity/gain,spectral
mfcc_18_max,0.0002802173736748571,impurity/gain,mfcc
mfcc_02_skew,0.0002547442692152237,impurity/gain,mfcc
mfcc_d2_15_std,0.00022607528333661497,impurity/gain,mfcc
mfcc_06_skew,0.00016537920435951746,impurity/gain,mfcc
chroma_03_std,0.00010238452695993791,impurity/gain,chroma
mfcc_05_mean,7.386454229799463e-05,impurity/gain,mfcc
mfcc_d2_03_std,6.231714049895938e-05,impurity/gain,mfcc
mfcc_d2_07_mean,5.7587401517944404e-05,impurity/gain,mfcc
prosody_intensity_max,5.386773837904906e-05,impurity/gain,prosody
spectral_rolloff95_iqr,1.432140843698142e-17,impurity/gain,spectral
mfcc_18_min,1.3127957733899631e-17,impurity/gain,mfcc
spectral_flatness_iqr,0.0,impurity/gain,spectral
spectral_flatness_mean,0.0,impurity/gain,spectral
mfcc_d2_07_std,0.0,impurity/gain,mfcc
mfcc_d2_16_mean,0.0,impurity/gain,mfcc
mfcc_d2_13_mean,0.0,impurity/gain,mfcc
mfcc_d1_08_mean,0.0,impurity/gain,mfcc
mfcc_d2_08_mean,0.0,impurity/gain,mfcc
spectral_zcr_mean,0.0,impurity/gain,spectral
mfcc_d1_09_mean,0.0,impurity/gain,mfcc
mfcc_d1_14_std,0.0,impurity/gain,mfcc
mfcc_d1_16_std,0.0,impurity/gain,mfcc
mfcc_d2_09_mean,0.0,impurity/gain,mfcc
mfcc_d2_14_mean,0.0,impurity/gain,mfcc
mfcc_d1_10_mean,0.0,impurity/gain,mfcc
mfcc_d1_10_std,0.0,impurity/gain,mfcc
mfcc_d2_10_mean,0.0,impurity/gain,mfcc
spectral_flatness_kurt,0.0,impurity/gain,spectral
mfcc_d2_14_std,0.0,impurity/gain,mfcc
spectral_flatness_skew,0.0,impurity/gain,spectral
mfcc_d1_11_std,0.0,impurity/gain,mfcc
mfcc_d1_14_mean,0.0,impurity/gain,mfcc
spectral_flatness_std,0.0,impurity/gain,spectral
mfcc_d2_11_mean,0.0,impurity/gain,mfcc
mfcc_d2_11_std,0.0,impurity/gain,mfcc
mfcc_d1_13_std,0.0,impurity/gain,mfcc
mfcc_d1_12_mean,0.0,impurity/gain,mfcc
mfcc_d1_13_mean,0.0,impurity/gain,mfcc
mfcc_d2_12_std,0.0,impurity/gain,mfcc
mfcc_d2_13_std,0.0,impurity/gain,mfcc
spectral_contrast_5_mean,0.0,impurity/gain,spectral
mfcc_d2_17_mean,0.0,impurity/gain,mfcc
prosody_jitter_rap,0.0,impurity/gain,prosody
prosody_jitter_ddp,0.0,impurity/gain,prosody
prosody_shimmer_apq3,0.0,impurity/gain,prosody
prosody_shimmer_apq5,0.0,impurity/gain,prosody
prosody_shimmer_apq11,0.0,impurity/gain,prosody
prosody_shimmer_dda,0.0,impurity/gain,prosody
prosody_hnr_std,0.0,impurity/gain,prosody
prosody_hnr_min,0.0,impurity/gain,prosody
prosody_hnr_max,0.0,impurity/gain,prosody
spectral_rolloff85_mean,0.0,impurity/gain,spectral
prosody_f1_std,0.0,impurity/gain,prosody
prosody_f1_bw_median,0.0,impurity/gain,prosody
prosody_f2_mean,0.0,impurity/gain,prosody
spectral_bandwidth_median,0.0,impurity/gain,spectral
spectral_bandwidth_max,0.0,impurity/gain,spectral
prosody_f3_median,0.0,impurity/gain,prosody
prosody_f3_bw_median,0.0,impurity/gain,prosody
spectral_bandwidth_min,0.0,impurity/gain,spectral
spectral_bandwidth_std,0.0,impurity/gain,spectral
prosody_f5_std,0.0,impurity/gain,prosody
spectral_centroid_max,0.0,impurity/gain,spectral
prosody_intensity_mean,0.0,impurity/gain,prosody
spectral_centroid_min,0.0,impurity/gain,spectral
spectral_centroid_std,0.0,impurity/gain,spectral
prosody_intensity_median,0.0,impurity/gain,prosody
spectral_centroid_mean,0.0,impurity/gain,spectral
prosody_jitter_ppq5,0.0,impurity/gain,prosody
prosody_jitter_local,0.0,impurity/gain,prosody
mfcc_d2_17_std,0.0,impurity/gain,mfcc
spectral_rolloff85_min,0.0,impurity/gain,spectral
mfcc_d1_18_mean,0.0,impurity/gain,mfcc
mfcc_d1_19_std,0.0,impurity/gain,mfcc
chroma_00_std,0.0,impurity/gain,chroma
spectral_rolloff95_skew,0.0,impurity/gain,spectral
chroma_02_std,0.0,impurity/gain,chroma
chroma_04_mean,0.0,impurity/gain,chroma
chroma_04_std,0.0,impurity/gain,chroma
chroma_05_mean,0.0,impurity/gain,chroma
spectral_rolloff95_median,0.0,impurity/gain,spectral
chroma_06_std,0.0,impurity/gain,chroma
chroma_07_mean,0.0,impurity/gain,chroma
chroma_07_std,0.0,impurity/gain,chroma
spectral_rolloff95_min,0.0,impurity/gain,spectral
chroma_10_mean,0.0,impurity/gain,chroma
chroma_11_mean,0.0,impurity/gain,chroma
chroma_11_std,0.0,impurity/gain,chroma
spectral_rolloff95_std,0.0,impurity/gain,spectral
prosody_f0_std,0.0,impurity/gain,prosody
spectral_rolloff95_mean,0.0,impurity/gain,spectral
spectral_rolloff85_iqr,0.0,impurity/gain,spectral
spectral_rolloff85_median,0.0,impurity/gain,spectral
prosody_f0_kurt,0.0,impurity/gain,prosody
prosody_f0_slope_abs_mean,0.0,impurity/gain,prosody
prosody_n_voiced_segments,0.0,impurity/gain,prosody
prosody_mean_voiced_seg_s,0.0,impurity/gain,prosody
mfcc_d1_07_std,0.0,impurity/gain,mfcc
spectral_rms_max,0.0,impurity/gain,spectral
mfcc_d2_06_std,0.0,impurity/gain,mfcc
mfcc_08_mean,0.0,impurity/gain,mfcc
mfcc_06_mean,0.0,impurity/gain,mfcc
mfcc_06_std,0.0,impurity/gain,mfcc
mfcc_06_min,0.0,impurity/gain,mfcc
mfcc_06_max,0.0,impurity/gain,mfcc
mfcc_06_median,0.0,impurity/gain,mfcc
mfcc_06_iqr,0.0,impurity/gain,mfcc
mfcc_06_kurt,0.0,impurity/gain,mfcc
mfcc_07_mean,0.0,impurity/gain,mfcc
spectral_band_4000_5000_std,0.0,impurity/gain,spectral
mfcc_07_min,0.0,impurity/gain,mfcc
mfcc_07_max,0.0,impurity/gain,mfcc
mfcc_07_median,0.0,impurity/gain,mfcc
mfcc_07_skew,0.0,impurity/gain,mfcc
mfcc_07_kurt,0.0,impurity/gain,mfcc
mfcc_08_median,0.0,impurity/gain,mfcc
mfcc_d2_06_mean,0.0,impurity/gain,mfcc
mfcc_08_iqr,0.0,impurity/gain,mfcc
mfcc_08_skew,0.0,impurity/gain,mfcc
mfcc_09_min,0.0,impurity/gain,mfcc
spectral_band_1000_2000_std,0.0,impurity/gain,spectral
mfcc_09_skew,0.0,impurity/gain,mfcc
spectral_slope_kurt,0.0,impurity/gain,spectral
mfcc_10_min,0.0,impurity/gain,mfcc
mfcc_10_max,0.0,impurity/gain,mfcc
spectral_slope_max,0.0,impurity/gain,spectral
mfcc_10_skew,0.0,impurity/gain,mfcc
mfcc_11_mean,0.0,impurity/gain,mfcc
spectral_slope_std,0.0,impurity/gain,spectral
mfcc_11_max,0.0,impurity/gain,mfcc
mfcc_11_median,0.0,impurity/gain,mfcc
mfcc_05_kurt,0.0,impurity/gain,mfcc
mfcc_05_skew,0.0,impurity/gain,mfcc
mfcc_05_iqr,0.0,impurity/gain,mfcc
mfcc_05_median,0.0,impurity/gain,mfcc
spectral_contrast_6_mean,0.0,impurity/gain,spectral
spectral_contrast_4_std,0.0,impurity/gain,spectral
spectral_contrast_4_mean,0.0,impurity/gain,spectral
mfcc_00_min,0.0,impurity/gain,mfcc
mfcc_00_median,0.0,impurity/gain,mfcc
spectral_contrast_3_std,0.0,impurity/gain,spectral
mfcc_00_kurt,0.0,impurity/gain,mfcc
mfcc_01_mean,0.0,impurity/gain,mfcc
mfcc_01_min,0.0,impurity/gain,mfcc
spectral_contrast_3_mean,0.0,impurity/gain,spectral
mfcc_01_median,0.0,impurity/gain,mfcc
mfcc_01_iqr,0.0,impurity/gain,mfcc
mfcc_01_skew,0.0,impurity/gain,mfcc
mfcc_01_kurt,0.0,impurity/gain,mfcc
mfcc_02_mean,0.0,impurity/gain,mfcc
spectral_contrast_2_std,0.0,impurity/gain,spectral
mfcc_02_median,0.0,impurity/gain,mfcc
spectral_contrast_0_mean,0.0,impurity/gain,spectral
spectral_hf_ratio_6000_std,0.0,impurity/gain,spectral
spectral_hf_ratio_6000_mean,0.0,impurity/gain,spectral
mfcc_03_max,0.0,impurity/gain,mfcc
spectral_hf_ratio_4000_mean,0.0,impurity/gain,spectral
spectral_band_6000_8000_std,0.0,impurity/gain,spectral
mfcc_03_kurt,0.0,impurity/gain,mfcc
mfcc_04_min,0.0,impurity/gain,mfcc
mfcc_04_median,0.0,impurity/gain,mfcc
mfcc_04_kurt,0.0,impurity/gain,mfcc
spectral_band_5000_6000_mean,0.0,impurity/gain,spectral
mfcc_05_max,0.0,impurity/gain,mfcc
mfcc_11_iqr,0.0,impurity/gain,mfcc
mfcc_11_skew,0.0,impurity/gain,mfcc
mfcc_11_kurt,0.0,impurity/gain,mfcc
mfcc_17_median,0.0,impurity/gain,mfcc
mfcc_17_skew,0.0,impurity/gain,mfcc
spectral_rms_kurt,0.0,impurity/gain,spectral
spectral_rms_skew,0.0,impurity/gain,spectral
mfcc_18_std,0.0,impurity/gain,mfcc
mfcc_18_median,0.0,impurity/gain,mfcc
mfcc_18_iqr,0.0,impurity/gain,mfcc
mfcc_18_skew,0.0,impurity/gain,mfcc
spectral_rms_median,0.0,impurity/gain,spectral
mfcc_19_std,0.0,impurity/gain,mfcc
mfcc_19_min,0.0,impurity/gain,mfcc
mfcc_19_kurt,0.0,impurity/gain,mfcc
mfcc_d1_00_mean,0.0,impurity/gain,mfcc
mfcc_d2_00_mean,0.0,impurity/gain,mfcc
mfcc_d1_01_std,0.0,impurity/gain,mfcc
spectral_rms_mean,0.0,impurity/gain,spectral
spectral_zcr_kurt,0.0,impurity/gain,spectral
mfcc_d2_02_mean,0.0,impurity/gain,mfcc
spectral_zcr_skew,0.0,impurity/gain,spectral
mfcc_d1_03_mean,0.0,impurity/gain,mfcc
spectral_zcr_median,0.0,impurity/gain,spectral
mfcc_d2_03_mean,0.0,impurity/gain,mfcc
mfcc_d1_04_mean,0.0,impurity/gain,mfcc
spectral_zcr_max,0.0,impurity/gain,spectral
spectral_zcr_min,0.0,impurity/gain,spectral
mfcc_d1_05_mean,0.0,impurity/gain,mfcc
mfcc_d2_05_mean,0.0,impurity/gain,mfcc
mfcc_d2_05_std,0.0,impurity/gain,mfcc
mfcc_d1_06_mean,0.0,impurity/gain,mfcc
mfcc_d1_06_std,0.0,impurity/gain,mfcc
mfcc_17_iqr,0.0,impurity/gain,mfcc
mfcc_17_max,0.0,impurity/gain,mfcc
mfcc_12_mean,0.0,impurity/gain,mfcc
spectral_flux_mean,0.0,impurity/gain,spectral
mfcc_12_std,0.0,impurity/gain,mfcc
spectral_entropy_skew,0.0,impurity/gain,spectral
mfcc_12_median,0.0,impurity/gain,mfcc
mfcc_12_iqr,0.0,impurity/gain,mfcc
peak_amplitude,0.0,impurity/gain,other
mfcc_13_std,0.0,impurity/gain,mfcc
spectral_entropy_iqr,0.0,impurity/gain,spectral
mfcc_13_median,0.0,impurity/gain,mfcc
mfcc_13_skew,0.0,impurity/gain,mfcc
spectral_entropy_min,0.0,impurity/gain,spectral
mfcc_14_std,0.0,impurity/gain,mfcc
mfcc_14_min,0.0,impurity/gain,mfcc
spectral_entropy_mean,0.0,impurity/gain,spectral
mfcc_14_iqr,0.0,impurity/gain,mfcc
mfcc_14_skew,0.0,impurity/gain,mfcc
mfcc_14_kurt,0.0,impurity/gain,mfcc
mfcc_15_mean,0.0,impurity/gain,mfcc
mfcc_15_std,0.0,impurity/gain,mfcc
mfcc_15_min,0.0,impurity/gain,mfcc
mfcc_15_max,0.0,impurity/gain,mfcc
mfcc_15_median,0.0,impurity/gain,mfcc
mfcc_15_iqr,0.0,impurity/gain,mfcc
spectral_flux_kurt,0.0,impurity/gain,spectral
spectral_flux_skew,0.0,impurity/gain,spectral
spectral_flux_max,0.0,impurity/gain,spectral
mfcc_16_min,0.0,impurity/gain,mfcc
mfcc_16_iqr,0.0,impurity/gain,mfcc
mfcc_17_mean,0.0,impurity/gain,mfcc
mfcc_17_std,0.0,impurity/gain,mfcc
prosody_cpps,0.0,impurity/gain,prosody
