,shift_sd
spectral_contrast_6_mean,38.56266021437619
spectral_contrast_6_std,2.1260496182100166
spectral_flatness_median,1.4404582762458569
spectral_flatness_mean,0.9936057425730825
spectral_flatness_std,0.9051459431502813
spectral_flatness_max,0.8467273856850412
spectral_flatness_min,0.8280366195617634
mfcc_18_median,0.6991686198040299
mfcc_08_median,0.6567025502367688
mfcc_19_median,0.6522816385005089
mfcc_12_median,0.6234060688012184
mfcc_15_median,0.6214599748692723
mfcc_17_median,0.6212068595929399
mfcc_16_median,0.5913583011212218
mfcc_13_median,0.587838825019231
mfcc_18_mean,0.5736279535874275
mfcc_14_median,0.5729064174326826
mfcc_19_mean,0.5481596212704632
mfcc_10_median,0.5473089942662952
mfcc_11_median,0.5470042652465276
mfcc_08_mean,0.5386674324096361
mfcc_17_mean,0.5341219601770053
mfcc_09_median,0.5278277483890571
spectral_flatness_iqr,0.5252903474957956
mfcc_12_mean,0.5228498086040457
mfcc_15_mean,0.5128762816742795
mfcc_16_mean,0.5127666571892386
mfcc_13_mean,0.49794260905115
mfcc_14_mean,0.49675863990022456
mfcc_11_mean,0.47458672566686977
mfcc_10_mean,0.46340435834092475
mfcc_06_median,0.46190568764956097
mfcc_09_mean,0.4588854840703893
spectral_rms_std,0.4210081344814055
mfcc_06_mean,0.38787605384465346
mfcc_07_median,0.3448824134951953
spectral_slope_std,0.34081657118213926
mfcc_07_mean,0.32656574327877674
mfcc_05_median,0.3258537823325226
mfcc_05_mean,0.2933372012444704
mfcc_03_median,0.2925103631908988
mfcc_07_max,0.27173126031932815
prosody_intensity_max,0.26036992847500245
spectral_flux_std,0.25624241495270206
mfcc_04_median,0.24500417366166757
spectral_rms_max,0.23800529248642754
mfcc_08_max,0.22479140833693045
mfcc_03_mean,0.2238763911538177
peak_amplitude,0.21680169321281184
mfcc_11_min,0.21346657440337574
mfcc_17_min,0.2126555014743383
spectral_flux_iqr,0.21181556940854349
mfcc_12_min,0.21161654479024333
mfcc_09_max,0.2105933340581335
mfcc_05_max,0.2101844200594798
mfcc_08_min,0.20978012078848848
spectral_rms_mean,0.2087843597963444
mfcc_09_min,0.20404106434567365
mfcc_11_max,0.20222676975939458
spectral_slope_min,0.2020894328711386
mfcc_18_min,0.20142923435180293
mfcc_04_mean,0.20056353722570297
mfcc_10_min,0.19858311895307404
mfcc_04_max,0.19695450971687625
mfcc_15_min,0.1915089577617732
mfcc_13_min,0.190837596739443
mfcc_16_min,0.190537870374427
mfcc_10_max,0.18959387856122184
mfcc_19_min,0.18888309541752663
spectral_flux_max,0.18863377816481777
mfcc_14_min,0.1864479064858627
mfcc_06_max,0.18559310166152418
mfcc_14_max,0.18444301271998742
mfcc_13_max,0.1835516851207834
mfcc_12_max,0.17879309202829444
mfcc_06_min,0.17508817817333547
spectral_flux_mean,0.17484915555301805
spectral_rms_iqr,0.173591075467047
mfcc_00_max,0.16696203880619928
mfcc_15_max,0.16241981199281968
mfcc_07_min,0.15947278507879423
spectral_contrast_4_std,0.15881807540821735
mfcc_16_max,0.15817243001841702
spectral_slope_max,0.15554259651948282
spectral_flatness_kurt,0.15520325916615454
spectral_slope_iqr,0.15331132262861977
mfcc_18_max,0.15157283331557483
spectral_rolloff95_min,0.14473518807103705
mfcc_01_median,0.1439667568514875
mfcc_17_max,0.1436218530441787
mfcc_19_max,0.14232407338227163
spectral_entropy_min,0.13895538343460076
mfcc_02_max,0.13523555249307223
mfcc_02_median,0.132523859992086
spectral_slope_mean,0.13191930197323518
mfcc_00_mean,0.12652723455453577
mfcc_05_min,0.12482678421869244
mfcc_02_mean,0.12350093510877921
spectral_bandwidth_median,0.11581205233212619
prosody_intensity_mean,0.10566664861989941
mfcc_00_median,0.10505918125153406
spectral_contrast_4_mean,0.10192621909970113
spectral_rolloff85_min,0.09900545965908213
mfcc_00_min,0.09886299488010174
spectral_rolloff95_max,0.09814832841486941
mfcc_01_mean,0.09571829518274345
spectral_rms_median,0.09565342402568681
spectral_flux_median,0.09441510614637413
mfcc_03_max,0.09281479513997884
prosody_intensity_median,0.09006715714898694
mfcc_03_min,0.08943118419504852
spectral_zcr_min,0.0878745806357833
spectral_contrast_5_mean,0.08600261034123127
spectral_entropy_max,0.08160253926024127
spectral_rms_min,0.07916178120980338
mfcc_04_min,0.07848110007394098
spectral_entropy_kurt,0.07500393992409632
mfcc_d2_01_mean,0.07160456482659151
mfcc_d2_11_mean,0.06909233066802131
spectral_contrast_5_std,0.06833302411294236
mfcc_d2_03_mean,0.06793187425667571
mfcc_01_max,0.06570809449604544
spectral_flatness_skew,0.06476273728335791
spectral_bandwidth_mean,0.06472245174261222
spectral_bandwidth_max,0.06347578219869696
mfcc_d2_08_mean,0.06303398504334465
mfcc_d2_05_mean,0.06292763520397784
spectral_centroid_min,0.06278163751698598
spectral_slope_median,0.06236200531779198
mfcc_d2_18_mean,0.06053738033670433
prosody_cpps,0.0604528045357156
mfcc_d2_07_mean,0.05901779792169162
spectral_flux_min,0.05850453955030771
mfcc_d2_14_mean,0.058492393969812095
mfcc_d2_12_mean,0.05693770574835426
mfcc_d2_13_mean,0.05598386859026401
mfcc_d2_16_mean,0.05498017611962944
mfcc_d2_15_mean,0.05371649493922453
mfcc_d2_17_mean,0.05288600716580572
mfcc_d2_19_mean,0.052065694439336105
mfcc_d2_06_mean,0.05181008640050038
mfcc_d2_09_mean,0.051785853038404266
mfcc_d2_10_mean,0.05040409163426098
prosody_intensity_min,0.04781329931875387
mfcc_02_min,0.045996081410416806
spectral_contrast_3_std,0.043997254468674384
mfcc_01_min,0.04282613777016302
spectral_hf_ratio_6000_std,0.042602075147000235
spectral_entropy_std,0.04256375042009326
spectral_centroid_kurt,0.042515119356440735
spectral_band_6000_8000_std,0.04173878237430432
mfcc_08_iqr,0.04112587985786656
spectral_rolloff85_max,0.04069672409752594
mfcc_d2_06_std,0.04063251560032488
spectral_slope_skew,0.03986584463527565
spectral_hf_ratio_6000_mean,0.039276646233496505
mfcc_d2_13_std,0.03873575783903467
spectral_band_6000_8000_mean,0.038489052955819024
mfcc_d2_01_std,0.036945087138872054
mfcc_d1_01_mean,0.036419266066518914
mfcc_d2_15_std,0.03640874081443904
mfcc_d2_04_mean,0.03633967037493856
mfcc_10_iqr,0.0354544101785846
spectral_centroid_max,0.035431043108336745
mfcc_d2_08_std,0.035233741529949354
spectral_rolloff95_std,0.035221644285701244
mfcc_d2_00_mean,0.03500018616180757
spectral_bandwidth_min,0.03474406177308437
mfcc_14_skew,0.034227983099523136
mfcc_09_kurt,0.0336680044204909
spectral_contrast_3_mean,0.03337392349805475
mfcc_09_std,0.03334470840762231
spectral_bandwidth_std,0.032933480718208126
mfcc_d1_09_std,0.03252101779530571
prosody_f5_std,0.03231975889909186
spectral_centroid_skew,0.03217809787910714
mfcc_06_iqr,0.032050198110052906
mfcc_11_skew,0.031063819492150334
mfcc_06_std,0.031043357420039636
mfcc_09_skew,0.030786407511607224
mfcc_d2_10_std,0.030276269690295926
mfcc_14_kurt,0.03011567153733828
mfcc_12_iqr,0.02936144506378793
mfcc_d1_03_mean,0.02852084938143546
chroma_10_mean,0.026615763287669205
spectral_band_5000_6000_std,0.026390054576018934
mfcc_07_std,0.025882617706657802
mfcc_d1_00_mean,0.025239967008706336
mfcc_d1_06_std,0.02517168443518736
mfcc_08_std,0.024872500564840288
mfcc_10_std,0.024000451923786272
mfcc_13_skew,0.02399693629085244
mfcc_12_skew,0.02371366157476374
spectral_centroid_std,0.02348907080473229
prosody_f5_mean,0.022721060014609138
mfcc_07_skew,0.02234142874135158
spectral_rolloff85_std,0.022230135082018328
mfcc_d1_13_std,0.021937830953529323
mfcc_d2_00_std,0.021633109208989566
mfcc_11_kurt,0.021633028632236043
mfcc_19_skew,0.021631325044696517
mfcc_07_iqr,0.02160546895446542
spectral_band_5000_6000_mean,0.02142145254795025
mfcc_09_iqr,0.021189190305442893
mfcc_10_kurt,0.019943564005973427
mfcc_d2_02_std,0.01872462524039585
mfcc_d1_01_std,0.018658513989111322
mfcc_18_skew,0.018414198917553033
mfcc_d1_05_mean,0.01824646642686654
mfcc_d1_16_mean,0.018021183486899062
spectral_hf_ratio_4000_std,0.017745732999346918
mfcc_00_skew,0.01768035635592659
mfcc_d2_12_std,0.017622630960180713
mfcc_14_iqr,0.017441720136581157
mfcc_d1_15_std,0.017402649791717305
mfcc_d1_08_std,0.0171737938581891
spectral_centroid_mean,0.01716980788427715
mfcc_d1_07_mean,0.017145472718726733
mfcc_d1_18_mean,0.017135712717395234
mfcc_17_skew,0.017082271623408914
spectral_band_4000_5000_std,0.01698558744405619
spectral_slope_kurt,0.01689070454350231
mfcc_19_kurt,0.01645568556326162
mfcc_d1_02_std,0.016395301028438485
prosody_f5_median,0.016361737295823287
mfcc_16_kurt,0.016315005647887963
mfcc_16_iqr,0.0162863258716385
mfcc_15_skew,0.01598781190692763
mfcc_08_skew,0.015871991800259676
spectral_entropy_mean,0.01585661655637181
spectral_hf_ratio_4000_mean,0.015846989450927895
spectral_band_4000_5000_mean,0.015736599169151395
spectral_rolloff95_mean,0.015626218342420915
prosody_f3_mean,0.015623341505545436
mfcc_12_std,0.01557497502078788
mfcc_d1_10_std,0.01543744895316537
prosody_f4_mean,0.015373436490793608
spectral_rolloff95_skew,0.01512603813899392
prosody_f2_median,0.014989300576680796
mfcc_08_kurt,0.014944800311768586
mfcc_16_skew,0.014874411991967536
mfcc_d2_02_mean,0.014488649729211532
mfcc_d2_18_std,0.01447100124621114
spectral_rolloff85_kurt,0.014311547344005244
mfcc_d1_12_mean,0.014309662456598362
prosody_f2_mean,0.014235543741347683
mfcc_d2_09_std,0.014228724964424315
mfcc_05_iqr,0.014214615029843166
spectral_rolloff85_skew,0.014193844632671053
mfcc_19_iqr,0.014049601434860542
spectral_bandwidth_iqr,0.014008173747740375
mfcc_d1_11_mean,0.013866405144444208
mfcc_04_skew,0.013787597636339884
mfcc_13_iqr,0.013716235989949107
mfcc_05_std,0.013698649286313789
spectral_band_3000_4000_mean,0.013646284105702382
mfcc_15_iqr,0.013543251046802507
mfcc_d1_02_mean,0.013383904027360555
spectral_entropy_skew,0.013033602704487893
mfcc_18_iqr,0.013017945141960894
mfcc_d1_17_mean,0.012864834403623081
prosody_f4_std,0.012808799471551082
spectral_zcr_iqr,0.012793625627548034
prosody_shimmer_apq11,0.012787664201979613
mfcc_02_std,0.01218086001425982
mfcc_12_kurt,0.01214077809323445
mfcc_d2_03_std,0.011933924309697804
chroma_10_std,0.011771944818441024
spectral_band_3000_4000_std,0.011771271190132538
spectral_rolloff85_mean,0.01175977370872255
mfcc_07_kurt,0.011713389626533365
mfcc_d1_07_std,0.011583088356554673
mfcc_d1_14_mean,0.011486007529584038
mfcc_d1_10_mean,0.011465328830495974
mfcc_01_skew,0.0113620463449202
mfcc_d1_09_mean,0.011347035753735761
mfcc_d1_13_mean,0.011217461175483287
mfcc_13_std,0.011067167710213448
mfcc_d1_12_std,0.011034516597204449
mfcc_01_std,0.011003730632707619
prosody_f3_std,0.010978304891372954
spectral_zcr_median,0.01096244131529094
mfcc_01_iqr,0.010909366049540724
mfcc_00_kurt,0.010883916788165497
mfcc_d2_05_std,0.010848105445582326
prosody_f4_median,0.010795443838639378
mfcc_d2_17_std,0.010743603478312278
spectral_rolloff95_kurt,0.010701052979411232
mfcc_d1_08_mean,0.010473294835348116
prosody_f3_median,0.010126453127339476
mfcc_d2_04_std,0.009943985178577235
mfcc_01_kurt,0.009835795060394868
prosody_jitter_local,0.009806459943297124
spectral_contrast_1_std,0.009660165017997137
prosody_f1_bw_median,0.009266868889286375
prosody_f1_std,0.009188103819769625
mfcc_03_skew,0.009024138088329062
prosody_jitter_ddp,0.00891908297564588
prosody_jitter_rap,0.008919082975645878
mfcc_d1_00_std,0.008346746652966898
mfcc_18_std,0.008178762483286564
mfcc_18_kurt,0.007889360227848289
prosody_f0_kurt,0.007864604059916762
mfcc_d1_06_mean,0.007606170838438495
mfcc_15_std,0.007477938354508558
chroma_11_std,0.0074689393106733195
spectral_entropy_median,0.007433123923053437
mfcc_d1_18_std,0.007329889276062286
prosody_f3_bw_median,0.007159082372317014
mfcc_04_iqr,0.007151582224467171
mfcc_d1_05_std,0.00709707274931304
prosody_f1_mean,0.007079363925158594
chroma_11_mean,0.006685222800508149
spectral_band_2000_3000_mean,0.006672889652896843
mfcc_d1_16_std,0.0065043386593944515
mfcc_17_iqr,0.006370654101996934
mfcc_02_skew,0.0061123426537243826
spectral_centroid_median,0.006057364244984381
prosody_voiced_rate_per_s,0.006017314892367266
mfcc_d1_19_mean,0.005975486723588161
prosody_f0_std,0.005967945447528576
spectral_zcr_mean,0.005933541276155025
prosody_hnr_median,0.005776222349189915
spectral_band_2000_3000_std,0.005744838403418131
mfcc_d1_11_std,0.005705189271444844
spectral_entropy_iqr,0.005695849798687571
prosody_n_voiced_segments,0.00566703377570089
spectral_band_0_500_std,0.0054629846143515294
chroma_08_mean,0.005425735119734478
mfcc_06_skew,0.005366580594860236
mfcc_d2_19_std,0.005347069337391428
chroma_07_mean,0.005330402514353079
mfcc_d1_14_std,0.005231870020527635
chroma_02_mean,0.005227050081439955
spectral_zcr_std,0.005167187687164119
spectral_bandwidth_kurt,0.005162430913231778
chroma_01_mean,0.005077544330133559
prosody_f0_min,0.005028283523188181
chroma_05_mean,0.005026863005930809
prosody_jitter_ppq5,0.005000390339940924
chroma_03_mean,0.004914243845891461
mfcc_d1_17_std,0.004890587585442994
mfcc_d2_14_std,0.004858699408152493
chroma_06_mean,0.004831507272130811
chroma_04_mean,0.004760561708062354
chroma_02_std,0.004748774581270803
mfcc_13_kurt,0.004677615842344943
prosody_hnr_mean,0.004650833648915481
spectral_contrast_2_std,0.0046132659536829625
prosody_f0_slope_abs_mean,0.004470280364755661
spectral_contrast_0_std,0.004433400801030088
chroma_01_std,0.0044077661251158634
mfcc_11_std,0.004389099244889338
mfcc_04_std,0.004388252206707808
chroma_04_std,0.004367512762554363
chroma_09_std,0.004208205455392655
chroma_06_std,0.004188739932364962
mfcc_d1_03_std,0.004120748221362412
mfcc_d2_07_std,0.004108198731066068
prosody_f0_max,0.004061836947149514
mfcc_d1_15_mean,0.0040599922193578965
chroma_00_mean,0.004001269212648756
spectral_band_0_500_mean,0.003967727304321034
mfcc_17_kurt,0.00391177250537447
chroma_05_std,0.003878182295815232
mfcc_02_iqr,0.003852946781892854
spectral_zcr_kurt,0.0037975105777251915
chroma_03_std,0.0037910735313570624
spectral_contrast_1_mean,0.0037019745856040243
mfcc_00_iqr,0.0035879494339396225
prosody_intensity_skew,0.003582594659806914
mfcc_11_iqr,0.003555660832729083
mfcc_00_std,0.003496056974276568
prosody_f1_median,0.00338987469077606
spectral_contrast_2_mean,0.003304462984145721
chroma_07_std,0.0032722813137411513
prosody_shimmer_dda,0.003199187159764043
prosody_shimmer_apq3,0.0031991871597640375
mfcc_05_skew,0.00304813969101953
chroma_09_mean,0.003035266502098374
prosody_hnr_max,0.0030035415175247784
chroma_00_std,0.0029786917635507134
spectral_zcr_skew,0.002971486407498895
prosody_f2_std,0.002890468595658452
prosody_hnr_min,0.0028420159111892714
mfcc_d2_16_std,0.00274163465963705
spectral_flux_skew,0.002691565989824848
prosody_voiced_fraction,0.002671608431716614
prosody_pause_fraction,0.0026716084317166097
mfcc_10_skew,0.0026653368666775114
spectral_band_1000_2000_mean,0.002658687881270923
mfcc_d2_11_std,0.0026029447271793617
spectral_rolloff85_iqr,0.0025434431269899323
prosody_f0_skew,0.0025003281757470927
spectral_bandwidth_skew,0.0024692146068425566
mfcc_19_std,0.0024635283043064615
prosody_hnr_std,0.0023559224604336147
mfcc_03_iqr,0.0022384523381229655
mfcc_04_kurt,0.002186717853004526
prosody_shimmer_local,0.0020748117491908484
spectral_flux_kurt,0.0018753982623237668
mfcc_14_std,0.0018193189704317485
prosody_mean_voiced_seg_s,0.0017788950922002563
mfcc_05_kurt,0.0016999176535842314
mfcc_d1_04_std,0.001679714514488642
prosody_intensity_kurt,0.0016390557103684532
chroma_08_std,0.0015011704574165946
spectral_rms_skew,0.0014782579852500649
mfcc_17_std,0.001426193454391507
spectral_band_1000_2000_std,0.0012852236539050547
mfcc_15_kurt,0.001198787197538481
mfcc_03_std,0.0010969958652826176
spectral_rms_kurt,0.001070939783554702
spectral_rolloff95_iqr,0.0010440409666477772
prosody_f0_iqr,0.0009972031680118433
prosody_shimmer_apq5,0.0009890307726280179
mfcc_d1_19_std,0.0009056695680068088
mfcc_02_kurt,0.000872035633151417
spectral_band_500_1000_mean,0.0008267723183360184
spectral_zcr_max,0.000795533511835821
spectral_centroid_iqr,0.0007528622204119951
mfcc_d1_04_mean,0.0007102029092424827
prosody_f0_mean,0.0006320119861152282
prosody_f2_bw_median,0.0005931188259528453
mfcc_03_kurt,0.0005381266090274703
spectral_band_500_1000_std,0.0005030303803140743
prosody_f0_median,0.000488740906010201
prosody_intensity_iqr,0.0003951680179847082
spectral_rolloff85_median,0.00032844897080732175
mfcc_16_std,0.00024489247794566
duration_s,0.00023876435792151532
prosody_shimmer_localdb,0.00019503512871484662
spectral_contrast_0_mean,0.00015904449626060228
mfcc_06_kurt,0.00010726039203690545
spectral_rolloff95_median,9.992221680159067e-05
prosody_intensity_std,1.6203108114236195e-05
