feature,family,anova_F,anova_p,mutual_info
mfcc_d1_00_std,mfcc,1193.6856993151919,0.0,0.2907495610920501
mfcc_00_std,mfcc,1158.9226575155374,0.0,0.3163133524794599
prosody_intensity_std,prosody,1078.1652698871796,0.0,0.32612491591431203
mfcc_00_iqr,mfcc,1044.026673991535,0.0,0.2977150508621147
prosody_intensity_iqr,prosody,984.6527547142548,0.0,0.295873580973808
mfcc_d2_00_std,mfcc,888.5960838716056,0.0,0.24900877428534018
spectral_band_0_500_std,spectral,865.314318540203,0.0,0.24952406638207636
spectral_band_0_500_mean,spectral,833.8628017434141,0.0,0.24772621436247455
prosody_intensity_mean,prosody,815.2790994819094,0.0,0.2810154528680062
mfcc_02_std,mfcc,788.4162834393085,0.0,0.23700172134221464
prosody_intensity_min,prosody,775.8900110189312,0.0,0.3246393726754362
spectral_flux_min,spectral,749.1804846041451,0.0,0.3000432243303015
mfcc_02_iqr,mfcc,717.444169202323,0.0,0.21662142512548543
mfcc_00_mean,mfcc,690.2518417921697,0.0,0.24400299958864036
spectral_flux_median,spectral,638.3565886246199,0.0,0.20806486160769655
mfcc_02_min,mfcc,612.9513612404749,0.0,0.18435066181271909
spectral_rms_mean,spectral,605.8688084073777,0.0,0.18613582013558183
spectral_centroid_median,spectral,595.6667195809301,0.0,0.20430281770527703
mfcc_00_min,mfcc,573.0941526536311,0.0,0.19349308419056
spectral_slope_mean,spectral,548.1385019980818,0.0,0.17867616317733548
mfcc_d1_02_std,mfcc,546.0886978439743,0.0,0.16522574175071014
spectral_rms_median,spectral,539.2694891000812,0.0,0.17639234238845258
spectral_contrast_5_mean,spectral,522.5507863748276,0.0,0.1785081320306916
spectral_zcr_median,spectral,518.6023292514838,0.0,0.17944789571626574
spectral_slope_median,spectral,511.7884529910533,0.0,0.17544694097338143
mfcc_02_mean,mfcc,500.9195738534555,0.0,0.15495251508021513
spectral_band_1000_2000_std,spectral,491.3707458122643,0.0,0.14926788800956947
spectral_flux_mean,spectral,484.25856619504736,0.0,0.16763056985421176
spectral_band_500_1000_mean,spectral,481.6396576686596,0.0,0.15477660864413378
chroma_08_std,chroma,470.40319050724827,0.0,0.17258224146672774
prosody_f2_bw_median,prosody,462.74292183952974,0.0,0.15158688373431684
spectral_band_500_1000_std,spectral,457.28254215851445,0.0,0.15323027182578963
mfcc_04_iqr,mfcc,451.40747104928164,0.0,0.13804618702547566
prosody_f3_bw_median,prosody,446.4413515531089,0.0,0.13784924124185283
mfcc_04_std,mfcc,444.87318327508984,0.0,0.1282196808293592
mfcc_d1_04_std,mfcc,444.38463165011143,0.0,0.12792428133068734
spectral_band_1000_2000_mean,spectral,430.8121561363066,0.0,0.18411492377696925
chroma_10_std,chroma,422.6823632526914,0.0,0.15394625486040958
spectral_rolloff85_median,spectral,421.001887199911,0.0,0.18018832678977237
mfcc_05_std,mfcc,415.29346639235865,0.0,0.14581817747827275
mfcc_03_std,mfcc,415.1022030880135,0.0,0.1324620047941112
mfcc_04_min,mfcc,410.7295481436358,0.0,0.11773268608240395
chroma_07_std,chroma,405.44980551490977,0.0,0.14734529745363245
chroma_09_mean,chroma,398.8551644713192,0.0,0.14368502147059603
spectral_band_2000_3000_std,spectral,398.72263688499135,0.0,0.16004833001698549
chroma_09_std,chroma,396.88087447494047,0.0,0.1555327968223308
prosody_f1_median,prosody,396.470717553177,0.0,0.12341296852778472
mfcc_d2_04_std,mfcc,395.8757934883022,0.0,0.12844901610571213
spectral_rms_min,spectral,390.1166047947317,0.0,0.16189529342703457
mfcc_d1_03_std,mfcc,388.09468919317743,0.0,0.12952490076061274
spectral_band_2000_3000_mean,spectral,387.5704514380128,0.0,0.17549024887270637
chroma_00_std,chroma,386.86844456690295,0.0,0.1344937871593248
chroma_08_mean,chroma,372.57716312303177,0.0,0.12339218997753942
prosody_f0_mean,prosody,370.7099884987398,0.0,0.12680409471270115
prosody_voiced_rate_per_s,prosody,369.64271906260075,0.0,0.16062443324269893
chroma_10_mean,chroma,369.22573298466466,0.0,0.11587990972686146
spectral_centroid_iqr,spectral,366.81174429989505,0.0,0.2523120294284369
mfcc_d2_02_std,mfcc,366.7786019842118,0.0,0.12238654260898807
mfcc_d1_05_std,mfcc,361.2305681686687,0.0,0.10481013778076287
mfcc_04_mean,mfcc,357.578576683746,0.0,0.11161409886508267
spectral_flux_std,spectral,353.36705691131584,0.0,0.12902578853487867
prosody_cpps,prosody,347.0038361222627,0.0,0.126217619087162
prosody_intensity_skew,prosody,346.7973740702036,0.0,0.10537070786375313
spectral_band_3000_4000_mean,spectral,344.53958199584025,0.0,0.14040535101736662
chroma_01_std,chroma,344.16525280515856,0.0,0.1128864174283839
chroma_11_std,chroma,343.8978858751127,0.0,0.13454423704356389
mfcc_05_iqr,mfcc,343.3130810772729,0.0,0.11157422392909533
prosody_intensity_median,prosody,338.8888292907313,0.0,0.13777569050331318
mfcc_03_iqr,mfcc,338.78643276644794,0.0,0.11431276786571276
prosody_f0_min,prosody,333.45433095431395,0.0,0.14898157777708088
mfcc_07_iqr,mfcc,331.74028991831693,0.0,0.1319994448704387
mfcc_07_std,mfcc,329.327298334233,1.2017e-319,0.11441953264019178
mfcc_06_std,mfcc,327.02099652590175,1.5143176e-317,0.11479387233342964
prosody_shimmer_dda,prosody,325.3357198731428,4.7613447e-316,0.1253610294855214
prosody_shimmer_apq3,prosody,325.3357198731305,4.7613447e-316,0.1254161819664228
prosody_n_voiced_segments,prosody,321.72384368461127,7.80853321425e-313,0.1320027611810919
spectral_rolloff95_median,spectral,320.9022343466371,4.214511360137e-312,0.1565335467240314
mfcc_d1_19_std,mfcc,313.47747049600105,1.8042667899233961e-305,0.12158388000574671
mfcc_18_std,mfcc,308.0715539507176,1.2639332060987563e-300,0.12957138850336047
mfcc_05_min,mfcc,305.86172113673825,1.220657781726526e-298,0.0981614310029193
chroma_11_mean,chroma,305.5342434706975,2.4040295426319793e-298,0.1075693883775597
prosody_f0_median,prosody,304.76900044712323,1.1721101517045131e-297,0.12346497668671752
mfcc_02_median,mfcc,304.29777912742975,3.1101918497885783e-297,0.12582638510264976
mfcc_19_std,mfcc,302.1964030454458,2.4216837612059326e-295,0.13707500321076216
prosody_hnr_mean,prosody,290.69639772676214,5.938189028927053e-285,0.14070555000406326
spectral_contrast_5_std,spectral,288.5305835941991,5.467106821639366e-283,0.13209997147511388
spectral_contrast_2_std,spectral,287.1780978990714,9.23594042998832e-282,0.11099143119979882
spectral_rolloff95_mean,spectral,285.9493062330338,1.2070416129135864e-280,0.11965475937464864
chroma_05_std,chroma,285.4209266946652,3.6470348577907283e-280,0.09822444387790741
spectral_contrast_1_std,spectral,284.95920341558434,9.587221194254854e-280,0.09608421508274434
mfcc_d2_03_std,mfcc,284.34954035289616,3.4363951517899323e-279,0.0918968219827363
mfcc_d2_05_std,mfcc,281.1824657363998,2.6253329175252167e-276,0.09582852844133338
mfcc_d1_06_std,mfcc,280.7664863908147,6.2840718426991425e-276,0.09955280456893423
mfcc_d1_18_std,mfcc,279.94355605970316,3.534980043910302e-275,0.12316637834651933
mfcc_08_std,mfcc,277.7036418181657,3.907849214255756e-273,0.09836216945920828
spectral_entropy_std,spectral,275.6861730795993,2.7210401071614133e-271,0.11162445533236509
mfcc_d1_17_std,mfcc,275.3363565705741,5.681670780027896e-271,0.11092404426892966
spectral_contrast_2_mean,spectral,272.72285341679094,1.3972240364238196e-268,0.10606745191999423
spectral_centroid_mean,spectral,272.20039529123295,4.2036062650765303e-268,0.16695572890617694
chroma_06_std,chroma,271.101242297627,4.270216072159729e-267,0.09821555050526243
mfcc_14_std,mfcc,268.68377365334663,7.03143229082194e-265,0.12681718935876996
chroma_07_mean,chroma,268.0711035189768,2.5661561224903723e-264,0.09536628993244456
chroma_04_std,chroma,268.0537957246591,2.661760754951519e-264,0.09215469269981957
spectral_flux_iqr,spectral,267.03590991498794,2.2893180693554136e-263,0.10735800755528047
mfcc_d1_15_std,mfcc,266.74670268923984,4.2201642998360215e-263,0.11027803669461411
mfcc_17_std,mfcc,266.0793314450347,1.731582402175303e-262,0.1308141099055402
mfcc_07_mean,mfcc,265.3239848634491,8.563619332951601e-262,0.08163863785765368
spectral_contrast_6_mean,spectral,264.9485283866185,1.895993026938991e-261,0.09976686933375012
prosody_hnr_median,prosody,264.0853957561579,1.1793482837402406e-260,0.13292352379411332
mfcc_05_mean,mfcc,262.68643205754637,2.285909948480305e-259,0.07921458737572706
mfcc_16_std,mfcc,260.20624242369587,4.405385381187542e-257,0.12869537885112825
mfcc_d1_08_std,mfcc,259.9811954559312,7.103477061906396e-257,0.08723877024482807
spectral_rolloff95_iqr,spectral,259.81426218274,1.0125018845971085e-256,0.16463963176972163
mfcc_d1_16_std,mfcc,259.7780395016396,1.0934470333946608e-256,0.10229474162847163
mfcc_06_iqr,mfcc,258.469502455008,1.7615399126404857e-255,0.09307731599312907
mfcc_15_std,mfcc,256.96286895710415,4.333414961378542e-254,0.12026913208789658
mfcc_10_std,mfcc,252.90428554836294,2.4526916242875704e-250,0.1253733886342534
mfcc_09_std,mfcc,252.7981515601383,3.0753630666597333e-250,0.09171317393630929
spectral_rolloff95_skew,spectral,251.8002067306462,2.5824468643965155e-249,0.08490257580188931
prosody_f5_std,prosody,249.7858162159765,1.901184048693709e-247,0.09085168531608634
spectral_entropy_iqr,spectral,249.53100391017637,3.275992880935917e-247,0.11709952218044162
mfcc_d1_14_std,mfcc,249.33210383227095,5.0099241228200175e-247,0.11139659068263619
mfcc_d1_09_std,mfcc,247.73116612861773,1.5329409824862957e-245,0.08350472299501055
mfcc_04_median,mfcc,244.58334082171746,1.29029549499125e-242,0.08428686467220281
spectral_contrast_4_mean,spectral,239.99146488997508,2.4386101078847445e-238,0.09049216055884912
prosody_hnr_min,prosody,239.16956455298583,1.4248311442322972e-237,0.09552179608244815
mfcc_d1_07_std,mfcc,239.13576299060918,1.5321426851598894e-237,0.06406677562693774
mfcc_00_median,mfcc,238.09623255859708,1.4303593044042849e-236,0.10770653863289015
prosody_f0_max,prosody,237.0250492375397,1.431303947175425e-235,0.08738421165003984
spectral_zcr_iqr,spectral,236.08841552083507,1.0736785248713294e-234,0.16520257041674302
spectral_contrast_4_std,spectral,236.05403633819492,1.1561263260911951e-234,0.10009200639084215
mfcc_07_min,mfcc,234.7697867446685,1.8353752647182569e-233,0.0920786507498006
chroma_02_std,chroma,233.76915650848898,1.584460954346246e-232,0.07693369803904426
mfcc_13_std,mfcc,233.3855581738764,3.6216387921424775e-232,0.10479331054916674
spectral_contrast_1_mean,spectral,233.0877690229204,6.881307294921517e-232,0.07773476372103394
spectral_bandwidth_median,spectral,232.67634758281181,1.6706593949113728e-231,0.09759858315147873
spectral_zcr_mean,spectral,231.29191767509238,3.309818775907108e-230,0.11783523690624564
mfcc_d2_19_std,mfcc,231.2218493630712,3.850087169006016e-230,0.08135765658681393
mfcc_d1_13_std,mfcc,230.1115373173819,4.2303776026657106e-229,0.11403787898379036
mfcc_11_std,mfcc,229.15473425564446,3.3412105007424256e-228,0.10420231137753744
mfcc_d1_10_std,mfcc,228.80095296078687,7.176141542091157e-228,0.09120261324696566
prosody_f1_mean,prosody,227.49416264711027,1.209930864390739e-226,0.07291062420516248
mfcc_15_min,mfcc,227.4772179006112,1.2550904158675769e-226,0.0649429961135004
spectral_contrast_3_mean,spectral,227.3728710612167,1.5728259525901881e-226,0.07630139237758238
spectral_rolloff85_mean,spectral,225.90631197286064,3.7560848568685366e-225,0.11799036888109882
mfcc_d2_01_std,mfcc,225.26919704689146,1.4919758438219316e-224,0.08458679843343386
mfcc_07_median,mfcc,223.4515043635624,7.655766215457344e-223,0.06689914032777589
mfcc_d1_11_std,mfcc,221.37383498000972,6.934313037990184e-221,0.10098874443387551
mfcc_19_iqr,mfcc,214.3960839210188,2.695470582436404e-214,0.09836942254751158
prosody_mean_voiced_seg_s,prosody,214.20026019324268,4.129973494638752e-214,0.147049294719809
mfcc_08_iqr,mfcc,213.35924198842943,2.582617410565041e-213,0.08359475571789732
spectral_contrast_3_std,spectral,212.24225493267156,2.9512226927320627e-212,0.0721999778250888
mfcc_d2_08_std,mfcc,211.99475860462422,5.064159525292895e-212,0.0596597326176358
spectral_rolloff85_iqr,spectral,206.84554956028393,3.899627699636143e-207,0.19342596974702841
mfcc_d2_06_std,mfcc,206.0593488830818,2.1796719341037962e-206,0.07151427683306544
mfcc_18_iqr,mfcc,204.15339471893773,1.4177892428145e-204,0.10668833640663777
mfcc_12_min,mfcc,203.23900754160366,1.0524888942185097e-203,0.0758639301637789
spectral_entropy_mean,spectral,202.33021870702908,7.725888150409875e-203,0.057595243177873456
mfcc_10_iqr,mfcc,201.34210644900693,6.757094440911866e-202,0.09141373931423358
mfcc_05_median,mfcc,200.27512309540998,7.036401767306206e-201,0.06198404716899031
chroma_03_std,chroma,199.88548983150437,1.656164189673744e-200,0.06784420300189353
mfcc_14_min,mfcc,199.47934233197293,4.0429804298295135e-200,0.06833019511964844
mfcc_d1_12_std,mfcc,198.15108163506127,7.497812338916473e-199,0.10142770790253941
mfcc_10_min,mfcc,198.12556227541518,7.930675334676566e-199,0.06515801313687275
mfcc_12_std,mfcc,197.49992514901098,3.1406483502543836e-198,0.10891404421832673
mfcc_d2_09_std,mfcc,196.94476511179624,1.0655614993612358e-197,0.06511831371429899
mfcc_00_skew,mfcc,195.49305519610286,2.6047396127507927e-196,0.11358182061480981
prosody_jitter_local,prosody,194.90932176562225,9.42504527863576e-196,0.04752168855239125
chroma_00_mean,chroma,193.36104481509946,2.8615225978439594e-194,0.07561271020668281
mfcc_03_min,mfcc,192.98180246661616,6.60518277127001e-194,0.06609829593890337
mfcc_14_iqr,mfcc,192.34143633690113,2.7132635429967375e-193,0.09174657539168551
prosody_shimmer_local,prosody,191.9234215173051,6.825932793350247e-193,0.0739657424835598
mfcc_18_min,mfcc,191.90327475120665,7.136335682912319e-193,0.07458265922790774
chroma_06_mean,chroma,191.84722291795842,8.076242235692495e-193,0.07347919034322814
mfcc_17_min,mfcc,191.61902709113676,1.3365560715483697e-192,0.06394097154970169
mfcc_d2_07_std,mfcc,191.54214693416958,1.5838020343851091e-192,0.06370257900280141
mfcc_d2_17_std,mfcc,191.4949613811011,1.757699609601406e-192,0.08713525072203776
mfcc_d2_18_std,mfcc,189.47091715550073,1.5376593176537448e-190,0.06473294281988418
mfcc_d2_10_std,mfcc,188.6419218224071,9.613370166924008e-190,0.05749201526091907
mfcc_09_min,mfcc,187.54562478563918,1.0867928502287033e-188,0.047906037233239385
mfcc_19_max,mfcc,186.2705040300611,1.8283797061739244e-187,0.07203150691269089
mfcc_d2_14_std,mfcc,183.1122020098876,2.0063827761632092e-184,0.08087193275952043
mfcc_09_iqr,mfcc,182.90023289005651,3.211191126821826e-184,0.06856826248826042
prosody_jitter_ddp,prosody,181.14493933564768,1.5813392892439498e-182,0.06960441185850552
prosody_jitter_rap,prosody,181.14493933563716,1.5813392892818954e-182,0.06960889154313543
mfcc_02_kurt,mfcc,180.75989024123248,3.719627640765903e-182,0.07226492336099577
prosody_hnr_max,prosody,180.3632619649096,8.979078655323581e-182,0.06386082514199165
mfcc_d2_15_std,mfcc,179.99284236010845,2.045282690566673e-181,0.058907945478814394
spectral_band_3000_4000_std,spectral,179.01774464782056,1.7875833353130697e-180,0.08133927481994441
prosody_intensity_kurt,prosody,175.72208109264062,2.7439386965716754e-177,0.15116563479773149
mfcc_16_iqr,mfcc,175.5735889094547,3.8200958678146343e-177,0.07075996447194477
mfcc_17_iqr,mfcc,174.4287949635045,4.9016136845430885e-176,0.08793190725004996
mfcc_d2_16_std,mfcc,174.34187746774734,5.949949835705928e-176,0.06127877770282186
mfcc_16_min,mfcc,174.20077397775333,8.150277334650568e-176,0.06474177785644297
mfcc_15_iqr,mfcc,173.1010465806267,9.476456483254753e-175,0.09224708979926133
spectral_rolloff95_kurt,spectral,171.44396734689553,3.831780705326403e-173,0.08223524108124458
spectral_entropy_max,spectral,171.05432521624013,9.150289781573695e-173,0.07174381588185375
mfcc_11_iqr,mfcc,169.71604469397752,1.8217976681724678e-171,0.09511280821897738
mfcc_13_min,mfcc,169.10631023146198,7.123669842507404e-171,0.06763020481906468
mfcc_d2_13_std,mfcc,168.52698467561595,2.6035614963728782e-170,0.06518381877991253
mfcc_13_iqr,mfcc,164.98711219999768,7.227501966577631e-167,0.07979094107318208
mfcc_d2_11_std,mfcc,162.96992155730635,6.674183986862473e-165,0.05044972483536636
mfcc_12_iqr,mfcc,162.10497447118547,4.654265891625542e-164,0.07679371948659197
prosody_f5_mean,prosody,151.48286983769782,1.1502785547478538e-153,0.055873934463353425
mfcc_19_min,mfcc,147.41318766927765,1.1476405722520326e-149,0.054816078372535326
mfcc_18_max,mfcc,145.23487653395622,1.600279380810163e-147,0.06853900312026884
mfcc_d2_12_std,mfcc,144.8373561157627,3.942942946860455e-147,0.05058558929609891
spectral_entropy_median,spectral,144.77245091004508,4.5684798110463574e-147,0.05400287266617676
prosody_f4_mean,prosody,142.956554856988,2.8181283049059595e-145,0.04079237331043739
mfcc_08_min,mfcc,141.34548987716414,1.095996386285305e-143,0.05541869806526778
spectral_rms_std,spectral,141.16983272763025,1.6339676996666899e-143,0.06806005292971928
prosody_shimmer_apq5,prosody,140.60084711963893,5.958695579997857e-143,0.06612031896055104
spectral_bandwidth_mean,spectral,138.24091471901951,1.2815093164507256e-140,0.061646478521767634
chroma_05_mean,chroma,138.07352324565787,1.8762667436495702e-140,0.05845324660681506
spectral_contrast_6_std,spectral,136.98026458919972,2.265027063783986e-139,0.056476023102847606
mfcc_17_max,mfcc,134.65855382867142,4.515400051322275e-137,0.06599162825726923
spectral_bandwidth_iqr,spectral,134.64911240900878,4.613751450810202e-137,0.11379953970573231
mfcc_11_min,mfcc,134.3634930208185,8.854686601797594e-137,0.04493059770752428
spectral_rolloff85_skew,spectral,129.1834622024209,1.2304139334826622e-131,0.04474523987110146
mfcc_00_kurt,mfcc,128.9071102916029,2.3166359480777153e-131,0.1457568440438819
spectral_slope_min,spectral,126.70201263226942,3.6241864915665053e-129,0.04830189554323416
mfcc_d1_01_std,mfcc,124.67919099032511,3.755391652180753e-127,0.06640927921241246
prosody_shimmer_localdb,prosody,123.53362503434181,5.2131028798533817e-126,0.03627560423055609
mfcc_01_mean,mfcc,121.81254585551046,2.7221507857811637e-124,0.044249054497048856
duration_s,other,119.76160427963664,3.049369758177929e-122,0.02719064175682373
mfcc_16_max,mfcc,118.6094140246475,4.330600601215652e-121,0.04652152718611946
prosody_f1_bw_median,prosody,116.78621179211495,2.8944016615820295e-119,0.04308283410081781
spectral_rms_iqr,spectral,114.89497171023675,2.2735984586333185e-117,0.04042757919344009
mfcc_03_max,mfcc,114.3627218578989,7.770334896566026e-117,0.035223274260395954
mfcc_09_mean,mfcc,113.44960892568115,6.404246452995945e-116,0.03584180379398827
mfcc_06_min,mfcc,113.24106113985576,1.03693024870589e-115,0.04104044349647484
spectral_flatness_mean,spectral,108.43279617870198,7.0457563525855e-111,0.043986711451382554
mfcc_01_median,mfcc,105.9808997283951,2.075761911422835e-108,0.051768021256116015
mfcc_01_min,mfcc,105.73097259889704,3.7073968151774614e-108,0.03538727422003296
spectral_flatness_std,spectral,105.6778585584331,4.1937761269486274e-108,0.057090559859819034
spectral_rolloff85_kurt,spectral,105.18516117682489,1.3161222172948419e-107,0.04917924639858828
chroma_01_mean,chroma,104.92159979464803,2.4268983920374076e-107,0.03208363504744227
spectral_centroid_std,spectral,104.9044793611472,2.525317190514395e-107,0.0683720893709241
spectral_centroid_max,spectral,104.03852981309876,1.8869722306865178e-106,0.039245225281230756
mfcc_17_kurt,mfcc,99.64656086500517,5.157577744174842e-102,0.049649438466313534
mfcc_00_max,mfcc,98.7708113494682,3.9668119309737926e-101,0.04627609585234049
mfcc_03_kurt,mfcc,96.05496938153726,2.2328875600829547e-98,0.028756890328567764
mfcc_10_mean,mfcc,95.69568256674441,5.1647156059214915e-98,0.04792446323815591
spectral_slope_std,spectral,94.91870977534327,3.1684977846060397e-97,0.029768722077084586
spectral_zcr_max,spectral,94.71574743698015,5.089826102412396e-97,0.0280547962484623
prosody_f0_std,prosody,93.85379508785631,3.812237879051465e-96,0.04425611589380685
chroma_02_mean,chroma,93.53659279512958,8.000158787222457e-96,0.035801669487695253
mfcc_09_median,mfcc,93.42883461717666,1.0291344157054252e-95,0.035054694732751024
prosody_hnr_std,prosody,92.39800771754842,1.145743014352078e-94,0.02661211814327835
prosody_f5_median,prosody,92.20037603063355,1.8189270777698052e-94,0.037185715392580754
chroma_04_mean,chroma,88.0403786528736,3.0914360926285962e-90,0.021261085983820482
spectral_rolloff95_std,spectral,87.61258044252303,8.428516799499455e-90,0.05507178919938216
mfcc_01_std,mfcc,86.91471122494131,4.330673047031849e-89,0.028025265004857136
mfcc_19_kurt,mfcc,86.05021093885027,3.2920148557108303e-88,0.046250053719542716
spectral_zcr_std,spectral,84.54451485723352,1.129122354121376e-86,0.05992731093039483
mfcc_18_kurt,mfcc,84.54411808679318,1.1301751141880794e-86,0.035469369103243054
prosody_jitter_ppq5,prosody,84.09717513185711,3.229358531616682e-86,0.041429219583961174
spectral_rolloff85_std,spectral,83.80809072548206,6.3694165324370906e-86,0.06595012026950275
mfcc_01_iqr,mfcc,83.43384230989086,1.534810365788904e-85,0.04361483540529232
spectral_bandwidth_skew,spectral,80.02498941799351,4.663581992353734e-82,0.024838665013424688
mfcc_10_median,mfcc,79.93338007987519,5.78631630189113e-82,0.04076133170661578
mfcc_07_kurt,mfcc,78.92626947094477,6.203154033003115e-81,0.039667865002238845
mfcc_15_max,mfcc,78.90101083263558,6.583514537840954e-81,0.0531005984907722
prosody_f0_iqr,prosody,78.06803585639989,4.687871026446178e-80,0.04113855021028323
mfcc_16_kurt,mfcc,77.88533056432327,7.211388574242012e-80,0.04236810979844119
prosody_f4_median,prosody,77.01094737181415,5.6678448528486e-79,0.019769327974524575
spectral_bandwidth_kurt,spectral,76.46320069145057,2.0632159055704227e-78,0.03362991017367545
mfcc_15_kurt,mfcc,73.92018568814001,8.352892244339713e-76,0.0330351613086326
mfcc_14_max,mfcc,73.50775430093768,2.2132271020781075e-75,0.04687544586251935
chroma_03_mean,chroma,73.4095374319531,2.7913760677135574e-75,0.02923917193315706
mfcc_04_kurt,mfcc,72.88198504494412,9.711677067144938e-75,0.0448300218740445
spectral_centroid_skew,spectral,72.04260610078397,7.065414750296338e-74,0.03744750012612652
spectral_centroid_kurt,spectral,69.78876849596327,1.46276464154303e-71,0.028124286272155352
mfcc_06_max,mfcc,68.63283857319487,2.2597445645467356e-70,0.01575395572900229
peak_amplitude,other,66.42369965687077,4.247644097605129e-68,0.029313476985614706
spectral_contrast_0_std,spectral,65.71538869334259,2.279430637191829e-67,0.01950817626767609
spectral_entropy_kurt,spectral,65.39333182273641,4.8942381781139466e-67,0.04662626663124181
spectral_rolloff85_max,spectral,64.94979595575617,1.402194507334827e-66,0.043903349362750976
mfcc_05_kurt,mfcc,64.67498632203836,2.692077626298085e-66,0.0367144165477864
spectral_slope_iqr,spectral,64.2525653505822,7.338440011179841e-66,0.013071619653305167
prosody_pause_fraction,prosody,64.05745257926924,1.1662620631167426e-65,0.0220639560484841
prosody_voiced_fraction,prosody,64.0574525792679,1.1662620631204863e-65,0.01728574864123056
mfcc_03_median,mfcc,62.42986450546749,5.5700555769345434e-64,0.028451060429620867
spectral_band_6000_8000_std,spectral,61.17631327430905,1.0964133802954975e-62,0.0247265784854811
spectral_hf_ratio_6000_std,spectral,61.13722601836706,1.203203634474665e-62,0.02051755734629035
mfcc_14_kurt,mfcc,60.27541421940607,9.34357873579647e-62,0.012749237960266502
prosody_f0_slope_abs_mean,prosody,59.556333745404636,5.170609683936895e-61,0.015783428349085415
mfcc_03_mean,mfcc,59.27784713853284,1.0031635068612102e-60,0.03725394772142243
spectral_hf_ratio_4000_std,spectral,56.42585446206466,8.937750002713959e-58,0.026770747949599105
mfcc_13_max,mfcc,55.63515608200642,5.885055368770853e-57,0.016319503336003738
spectral_flatness_max,spectral,55.58536452574522,6.626803974538959e-57,0.05936364092705304
mfcc_12_mean,mfcc,54.42587403919649,1.0523370965470565e-55,0.022325631820351965
mfcc_06_mean,mfcc,52.31194785482195,1.6333568703917689e-53,0.030457727965089276
spectral_flatness_median,spectral,52.180516364502445,2.235459085856238e-53,0.020992508050644343
mfcc_08_mean,mfcc,49.44876356090401,1.5266074694256424e-50,0.034625301634542804
spectral_zcr_kurt,spectral,49.0143112889961,4.313137648214643e-50,0.009981571329357397
spectral_flatness_min,spectral,48.99170233269365,4.55269983487204e-50,0.03912664280151201
mfcc_11_max,mfcc,47.35076041382036,2.305053347388456e-48,0.0328663454482494
spectral_zcr_skew,spectral,46.4967455637572,1.7789257253003117e-47,0.022185530384740915
spectral_rolloff95_max,spectral,45.02444847952813,6.03680377795726e-46,0.008335663074417354
mfcc_15_median,mfcc,42.94527323372699,8.78519853239642e-44,0.027482241038061073
spectral_hf_ratio_4000_mean,spectral,42.83629239303252,1.1406838614068792e-43,0.023272324479977513
spectral_bandwidth_std,spectral,42.78668920086824,1.2846578669139126e-43,0.031495160626110685
spectral_flatness_iqr,spectral,42.21875314160347,5.0107123834455965e-43,0.057612064190993184
mfcc_01_kurt,mfcc,41.32419595596585,4.277373385015767e-42,0.015526685240461191
mfcc_12_median,mfcc,41.25611666109334,5.035720076494925e-42,0.013742000702164692
mfcc_03_skew,mfcc,40.603997712631276,2.4050479320198955e-41,0.02133211034306104
mfcc_02_skew,mfcc,40.55857371465396,2.681818453406947e-41,0.027595711222685004
mfcc_08_median,mfcc,40.10210283409037,8.013894145174334e-41,0.021852259951406605
mfcc_06_median,mfcc,39.617789255247885,2.5604910757128467e-40,0.016443042310436695
mfcc_09_skew,mfcc,38.703863969512575,2.293422766806637e-39,0.022302137238364494
prosody_f3_mean,prosody,38.59116707667904,3.0054650779752196e-39,0.009551502848573978
mfcc_12_skew,mfcc,38.2508596522374,6.800244490047031e-39,0.030374658566603152
mfcc_d2_01_mean,mfcc,38.24196690221755,6.946907308893189e-39,0.040223072844734364
spectral_band_6000_8000_mean,spectral,37.998162171879336,1.246992910363574e-38,0.029121460208002325
spectral_hf_ratio_6000_mean,spectral,37.96406458411846,1.3533146545798456e-38,0.029179306282024253
spectral_flux_max,spectral,36.873346511930336,1.8545573914546268e-37,0.0
spectral_bandwidth_max,spectral,36.364435014312306,6.291676014676714e-37,0.02729072169181146
spectral_band_5000_6000_std,spectral,35.461875225991875,5.492802745310419e-36,0.00896840869711335
mfcc_13_kurt,mfcc,34.73200134944639,3.168764697734444e-35,0.019168558669019564
mfcc_10_skew,mfcc,34.73190689135293,3.169483505215884e-35,0.023343277883230762
spectral_band_4000_5000_mean,spectral,34.34482289153856,8.029127519592935e-35,0.037143129871178626
prosody_f0_skew,prosody,34.27994197078925,9.382819298875615e-35,0.039577971213479834
mfcc_09_max,mfcc,31.06903280035565,2.097329312727105e-31,0.015352776110922228
spectral_band_5000_6000_mean,spectral,30.06320513448858,2.3496657471599217e-30,0.023612593932555548
mfcc_15_mean,mfcc,29.567212800637865,7.73495228991739e-30,0.04909961982593014
mfcc_01_max,mfcc,29.167141286905224,2.0222482806483834e-29,0.012616345898740278
spectral_entropy_min,spectral,28.033974618327523,3.0758789466202634e-28,0.03682332888643458
mfcc_12_max,mfcc,27.953460337037104,3.7321472895870857e-28,0.018827616668248393
mfcc_17_median,mfcc,26.717647602677236,7.261200383443086e-27,0.002203387912506294
mfcc_13_median,mfcc,26.6468699417168,8.606525048915332e-27,0.022947635332784433
mfcc_13_mean,mfcc,26.320537835779074,1.8843956235565554e-26,0.031677558297040775
prosody_intensity_max,prosody,25.587004093240886,1.096777310044109e-25,0.013986525536716865
spectral_band_4000_5000_std,spectral,25.19257805506039,2.8273500691935247e-25,0.013608923485047164
spectral_contrast_0_mean,spectral,25.10618082149921,3.4790338028514624e-25,0.043908911109230786
spectral_slope_kurt,spectral,25.041032448617194,4.068008738758624e-25,0.008397403729959674
spectral_entropy_skew,spectral,24.747358767694944,8.232805513760576e-25,0.012240623746635482
spectral_flatness_kurt,spectral,23.946335195390127,5.629859823947262e-24,0.02205670475372168
mfcc_11_mean,mfcc,23.627507766294503,1.2099324629223927e-23,0.015769179225605612
mfcc_14_mean,mfcc,23.06155700514062,4.703868595286976e-23,0.0213681409732267
prosody_f4_std,prosody,22.503128222025662,1.7954058518342274e-22,0.013288410213943447
mfcc_02_max,mfcc,22.379296076705188,2.416211796202089e-22,0.0031112149684302537
mfcc_08_max,mfcc,22.375040418404353,2.4409965268526685e-22,0.012647313452200937
spectral_slope_max,spectral,21.94477494212617,6.848970550233558e-22,0.11346057696027856
mfcc_12_kurt,mfcc,21.70660391515692,1.2122678388433948e-21,0.009235782587182939
mfcc_06_kurt,mfcc,21.31561680025487,3.0945673841033076e-21,0.009860739977534116
prosody_f1_std,prosody,21.186345593328596,4.218360700085654e-21,0.0
mfcc_14_median,mfcc,21.117979719941108,4.969279066618929e-21,0.016097003938769117
spectral_flux_skew,spectral,20.760605299264114,1.1699461598782187e-20,0.013390676690425263
spectral_rms_max,spectral,20.137572816009232,5.202867552578637e-20,0.0037689726146132863
prosody_f2_std,prosody,19.547241377490934,2.1379930261258776e-19,0.015209405859446523
mfcc_11_median,mfcc,19.266814314166503,4.182668644364236e-19,0.018815096217908778
spectral_flatness_skew,spectral,18.95712939544185,8.774438402567124e-19,0.006457681119713676
prosody_f0_kurt,prosody,18.63463338076334,1.8975421876262538e-18,0.00044797848058442113
mfcc_16_median,mfcc,18.61201788137725,2.0029849429621314e-18,0.027901148823696875
spectral_rms_kurt,spectral,18.36770723048023,3.592186384241023e-18,0.008621548061547912
mfcc_17_skew,mfcc,18.04699692842643,7.731551276083226e-18,0.05033707886813321
mfcc_07_max,mfcc,17.46171678009759,3.129560762035881e-17,0.0
prosody_shimmer_apq11,prosody,17.271262289572917,4.931514870304171e-17,0.018791790116724716
mfcc_10_max,mfcc,17.13505590626314,6.826417622470144e-17,0.011356562200781628
spectral_rms_skew,spectral,17.08578444843264,7.678366761958152e-17,0.01141443415532084
mfcc_d2_00_mean,mfcc,16.988318591919388,9.689340042330412e-17,0.0
mfcc_d1_01_mean,mfcc,16.35643094888054,4.3743812215287306e-16,0.02781512912193085
prosody_f3_std,prosody,16.291240466368063,5.109957924487854e-16,0.0010789523045167115
mfcc_11_kurt,mfcc,16.27060280325611,5.367658901663766e-16,0.017046769641239745
mfcc_11_skew,mfcc,16.111035135717678,7.851861980687177e-16,0.01100163966372758
prosody_f3_median,prosody,15.107335619322305,8.57031908250431e-15,0.010672060710115616
mfcc_19_skew,mfcc,15.102275544842856,8.67411775385081e-15,0.032754008819630975
mfcc_01_skew,mfcc,14.816420240252523,1.7119895137241698e-14,0.02783626089407809
mfcc_13_skew,mfcc,14.320005533026931,5.570105569932052e-14,0.019248514360844293
mfcc_16_mean,mfcc,14.250958541005739,6.562737851089155e-14,0.02053584724369628
mfcc_05_skew,mfcc,14.048160360789723,1.0621993965883722e-13,0.006353535176048197
mfcc_14_skew,mfcc,13.666030501363592,2.6301388194251443e-13,0.04552342183496716
spectral_slope_skew,spectral,13.117395186637477,9.6530858259249e-13,0.01172744235555534
spectral_bandwidth_min,spectral,12.40075083980078,5.2598600897626445e-12,0.00274372262790612
mfcc_08_skew,mfcc,12.132425083470542,9.913895662329862e-12,0.005109632576754564
mfcc_04_max,mfcc,11.237567536639544,8.173416035044611e-11,0.007685926307475555
mfcc_17_mean,mfcc,10.751085607747518,2.56524361764757e-10,0.017925494307068135
mfcc_18_median,mfcc,10.231554657754863,8.677928266943103e-10,0.02509324186413764
spectral_flux_kurt,spectral,10.224396085341192,8.82469923673017e-10,0.023475686721804667
mfcc_04_skew,mfcc,9.598714858294423,3.813182878616965e-09,0.009169819243358912
mfcc_d2_02_mean,mfcc,9.386255422889896,6.260534558683974e-09,0.012984062687316555
prosody_f2_mean,prosody,9.377716216548814,6.3864587733382904e-09,0.008745846285910464
mfcc_18_skew,mfcc,9.241273793463334,8.777913718762159e-09,0.04938639510974063
mfcc_07_skew,mfcc,8.731300061108868,2.8748335707220304e-08,0.0
mfcc_05_max,mfcc,8.667263269714175,3.3356691987644185e-08,0.018744751642473467
mfcc_06_skew,mfcc,8.46029879990521,5.390982418145497e-08,0.01014194651807232
mfcc_16_skew,mfcc,7.9444069747659345,1.7778860781350104e-07,0.04736487153566138
mfcc_15_skew,mfcc,7.730947040109893,2.908577683050237e-07,0.054858421206013475
spectral_rolloff85_min,spectral,7.3887333475076264,6.390383514545824e-07,0.0
mfcc_18_mean,mfcc,7.297305245814908,7.882491390383994e-07,0.02708109231519762
mfcc_d2_03_mean,mfcc,6.91468240201693,1.8928347076459743e-06,0.0
spectral_centroid_min,spectral,5.8835168562626645,1.9656964357388123e-05,0.005326844485614046
spectral_zcr_min,spectral,5.390850270472123,5.9366168698527174e-05,0.005459078988813815
mfcc_19_median,mfcc,5.389626597122711,5.9528643654841635e-05,0.005983467706314194
mfcc_d1_11_mean,mfcc,5.315937410790807,7.017023323860001e-05,0.005758825464472039
prosody_f2_median,prosody,5.236850593841167,8.369441120367213e-05,0.009995393400309638
mfcc_d1_10_mean,mfcc,4.038704218553893,0.0011610629290283191,0.00019012375255478275
mfcc_d1_15_mean,mfcc,3.6605064141006114,0.0026110487491768698,0.0168001058624645
mfcc_10_kurt,mfcc,3.6353772893630842,0.0027543394165189957,0.006729619583326407
mfcc_08_kurt,mfcc,3.4839206700900496,0.0037960583962519234,0.020851918554869897
spectral_rolloff95_min,spectral,2.982910528848857,0.010786639136298402,0.004432173526666361
mfcc_d1_08_mean,mfcc,2.367103245661574,0.037214938173015216,0.009047526357935709
mfcc_d2_07_mean,mfcc,2.231677246641289,0.048443110188396,0.0
mfcc_d1_04_mean,mfcc,2.0614942469330106,0.067106243249908,0.006474109468310729
mfcc_d1_00_mean,mfcc,1.9217656859122416,0.0872472786109532,0.0
mfcc_d1_13_mean,mfcc,1.530586910603538,0.1765757388104023,0.00046112528228858807
mfcc_d1_03_mean,mfcc,1.5149478872110587,0.18142874776020113,0.018706764861171177
mfcc_19_mean,mfcc,1.481988434193882,0.19203836270579164,0.007488050166282623
mfcc_d2_18_mean,mfcc,1.4444874137463182,0.20475899593259975,0.0
mfcc_d2_14_mean,mfcc,1.432086647859711,0.20912172601552473,0.005411020572698266
mfcc_d1_12_mean,mfcc,1.4045638986090505,0.21908904676639573,0.0011392176026814305
mfcc_d2_11_mean,mfcc,1.3864545390309333,0.22586514428520096,0.0
mfcc_d2_04_mean,mfcc,1.3405101530701764,0.24385321674507632,0.0
mfcc_d1_17_mean,mfcc,1.334846347113058,0.24615137643638235,0.023788906796001985
mfcc_d1_14_mean,mfcc,1.2909401617363974,0.26458248940815665,0.008655291444229274
mfcc_d2_13_mean,mfcc,1.160071168731257,0.3262440381252621,0.019165122865645756
mfcc_d2_10_mean,mfcc,1.1504818051891068,0.33117089947394834,0.0008874961825506844
mfcc_d1_07_mean,mfcc,1.1442948662290133,0.33437980089721087,0.006167190912266474
mfcc_d2_09_mean,mfcc,0.9630319026177889,0.43892681454033855,0.0
mfcc_d1_16_mean,mfcc,0.8091627438791209,0.5428796638470287,0.002055570547656149
mfcc_d2_17_mean,mfcc,0.7794863186495993,0.5643101990349297,0.0037328899718693798
mfcc_d2_19_mean,mfcc,0.7762204908057315,0.5666918699019281,0.01437543542743791
mfcc_d2_06_mean,mfcc,0.7419691630060468,0.5919257673004255,0.004220893346313037
mfcc_d2_05_mean,mfcc,0.7169043219973883,0.6106599727989548,0.024509533759390578
mfcc_09_kurt,mfcc,0.6727579664774277,0.6441030960359918,0.0
mfcc_d1_06_mean,mfcc,0.6631694881241265,0.6514271104224669,0.007614258582155475
mfcc_d1_09_mean,mfcc,0.6430954965374897,0.6668119328745015,0.00037134612328904026
mfcc_d2_12_mean,mfcc,0.6176064310227182,0.6864187085863831,0.011375234149922697
mfcc_d1_18_mean,mfcc,0.5629864006356451,0.7284863089769575,0.0
mfcc_d1_05_mean,mfcc,0.5389849682244907,0.7468861026019287,0.005662590047003313
mfcc_d1_02_mean,mfcc,0.5244004583184603,0.7580093786184405,0.007277838592762098
mfcc_d2_08_mean,mfcc,0.35261434136784425,0.8808410417600578,0.004107275338727678
mfcc_d1_19_mean,mfcc,0.3498395372687887,0.882625450873979,0.002270049339105018
mfcc_d2_15_mean,mfcc,0.16193178238294934,0.9764054740791632,0.007789491973377416
mfcc_d2_16_mean,mfcc,0.07183711331207987,0.9963780867736669,0.013633802443973941
