,speaker_eta2,emotion_eta2,family
duration_s,0.21773941868274024,0.07453601328325594,other
peak_amplitude,0.09669624762416441,0.042759550836992566,other
spectral_centroid_mean,0.1444956100505959,0.15472961239653074,spectral
spectral_centroid_std,0.1675402830898929,0.06589872741814663,spectral
spectral_centroid_min,0.39140038719936465,0.003941042144164198,spectral
spectral_centroid_max,0.20731945493815868,0.06539032704966703,spectral
spectral_centroid_median,0.13964785003748015,0.28601154182787336,spectral
spectral_centroid_iqr,0.13188043071877203,0.1978689289393977,spectral
spectral_centroid_skew,0.06939859793214602,0.04620951718629663,spectral
spectral_centroid_kurt,0.050215796390111714,0.04482866905790123,spectral
spectral_bandwidth_mean,0.12926685301649005,0.08505872173598963,spectral
spectral_bandwidth_std,0.09693297290483101,0.027969055753267823,spectral
spectral_bandwidth_min,0.114852190166614,0.008270471275177717,spectral
spectral_bandwidth_max,0.11341052335251084,0.023871132985961975,spectral
spectral_bandwidth_median,0.23637214433815515,0.13530240612419225,spectral
spectral_bandwidth_iqr,0.13117148718586835,0.08303221170267967,spectral
spectral_bandwidth_skew,0.08167356583622735,0.05106810035474621,spectral
spectral_bandwidth_kurt,0.08308259148583715,0.048906300229921755,spectral
spectral_rolloff85_mean,0.13514246153276388,0.13188480326905233,spectral
spectral_rolloff85_std,0.13054499581629397,0.05335348806789943,spectral
spectral_rolloff85_min,0.16151427675062832,0.004944318156733121,spectral
spectral_rolloff85_max,0.12300237950546476,0.04185044910924901,spectral
spectral_rolloff85_median,0.12143751106575974,0.2206506660314426,spectral
spectral_rolloff85_iqr,0.12318049010873908,0.12211594475894232,spectral
spectral_rolloff85_skew,0.08133921828765056,0.07993118678889288,spectral
spectral_rolloff85_kurt,0.08417491220810809,0.06606339748768915,spectral
spectral_rolloff95_mean,0.15020081300712532,0.1612845360145066,spectral
spectral_rolloff95_std,0.12467550928452396,0.05564072174369382,spectral
spectral_rolloff95_min,0.18338829580942032,0.002001976336620323,spectral
spectral_rolloff95_max,0.10209633863091282,0.029388857680581543,spectral
spectral_rolloff95_median,0.141618611108851,0.17749977197334976,spectral
spectral_rolloff95_iqr,0.13918119934025885,0.1487360550045474,spectral
spectral_rolloff95_skew,0.11883822101803157,0.14481261605327858,spectral
spectral_rolloff95_kurt,0.10111434206568287,0.10337640024170595,spectral
spectral_flatness_mean,0.14815795308477578,0.06796450244624144,spectral
spectral_flatness_std,0.14758669622214943,0.06635231223348854,spectral
spectral_flatness_min,0.1820488649401344,0.031895811844745124,spectral
spectral_flatness_max,0.0834598031346974,0.03603389854721863,spectral
spectral_flatness_median,0.24027883144676845,0.033901492261446974,spectral
spectral_flatness_iqr,0.07774700578859343,0.027608053494550536,spectral
spectral_flatness_skew,0.03846216324700331,0.01258809366176953,spectral
spectral_flatness_kurt,0.03676077606321958,0.015848567641082965,spectral
spectral_zcr_mean,0.12697371687167922,0.1346057182111641,spectral
spectral_zcr_std,0.1459432822842409,0.05379708564279142,spectral
spectral_zcr_min,0.14780739994870884,0.00361222414992462,spectral
spectral_zcr_max,0.18954122102847548,0.059881649146163604,spectral
spectral_zcr_median,0.16466228859686116,0.25857684830524963,spectral
spectral_zcr_iqr,0.1363863321018605,0.1370146844434979,spectral
spectral_zcr_skew,0.06623767638984379,0.030320733120736663,spectral
spectral_zcr_kurt,0.05394493775421903,0.03191006159823098,spectral
spectral_rms_mean,0.1765225216437991,0.28949201496696525,spectral
spectral_rms_std,0.13898940091203107,0.08670461145387927,spectral
spectral_rms_min,0.09655631096190198,0.2078275818338906,spectral
spectral_rms_max,0.09321733918314329,0.01336146956935281,spectral
spectral_rms_median,0.17993845520450386,0.26613907577495327,spectral
spectral_rms_iqr,0.09111566579156144,0.07172440998898612,spectral
spectral_rms_skew,0.08621711258943067,0.011359581099090979,spectral
spectral_rms_kurt,0.07219895682674907,0.012201475521401214,spectral
spectral_flux_mean,0.17617328303061058,0.24565958748362568,spectral
spectral_flux_std,0.09106469155887405,0.1920090101505947,spectral
spectral_flux_min,0.16917783003017567,0.3350268414209704,spectral
spectral_flux_max,0.0765229614771314,0.024197120184778213,spectral
spectral_flux_median,0.18214721388599706,0.3003526994205341,spectral
spectral_flux_iqr,0.10038820525716786,0.15224084547273364,spectral
spectral_flux_skew,0.09476130865713174,0.013769165493710621,spectral
spectral_flux_kurt,0.0717513744315427,0.006828900271778704,spectral
spectral_entropy_mean,0.2247884209918144,0.11976948998282035,spectral
spectral_entropy_std,0.23736649461856446,0.15640116618033095,spectral
spectral_entropy_min,0.07486382848456337,0.018503858717352238,spectral
spectral_entropy_max,0.18051506975673456,0.10316569403956644,spectral
spectral_entropy_median,0.3357144474146324,0.0887209799560809,spectral
spectral_entropy_iqr,0.26067266906041336,0.1436951044054538,spectral
spectral_entropy_skew,0.15005320822505128,0.016370036054083804,spectral
spectral_entropy_kurt,0.08684679248689052,0.042124202985306,spectral
spectral_slope_mean,0.16757352708267345,0.26933719816116863,spectral
spectral_slope_std,0.22480567208176896,0.06000226761892838,spectral
spectral_slope_min,0.12163886169056361,0.07851636277356325,spectral
spectral_slope_max,0.30017806150408766,0.014543126631634273,spectral
spectral_slope_median,0.18719743700936478,0.2560493343981437,spectral
spectral_slope_iqr,0.10061350235611549,0.04141979635409165,spectral
spectral_slope_skew,0.10248615443203522,0.008744245769517933,spectral
spectral_slope_kurt,0.08375452720215212,0.016561079964916896,spectral
spectral_band_0_500_mean,0.16879211698910765,0.35929000245816084,spectral
spectral_band_0_500_std,0.17641787069927906,0.3678565877527849,spectral
spectral_band_500_1000_mean,0.22164811578684446,0.24465607801431757,spectral
spectral_band_500_1000_std,0.2295625641718851,0.23519346198050575,spectral
spectral_band_1000_2000_mean,0.16999641659560194,0.2246373059832073,spectral
spectral_band_1000_2000_std,0.21110680751304334,0.2483714171635319,spectral
spectral_band_2000_3000_mean,0.22730684995445438,0.20675160602296805,spectral
spectral_band_2000_3000_std,0.20979763581253483,0.211442886183748,spectral
spectral_band_3000_4000_mean,0.11081238896047718,0.18811473439214063,spectral
spectral_band_3000_4000_std,0.10541186790862023,0.10745248375830693,spectral
spectral_band_4000_5000_mean,0.25493570659667275,0.022575304674361148,spectral
spectral_band_4000_5000_std,0.2986084412635935,0.016659636094407147,spectral
spectral_band_5000_6000_mean,0.13392153353956104,0.019816712337851275,spectral
spectral_band_5000_6000_std,0.18660617875461302,0.023292455333719396,spectral
spectral_band_6000_8000_mean,0.09264400041588776,0.024916857681823484,spectral
spectral_band_6000_8000_std,0.1419462186812026,0.03951508155096645,spectral
spectral_hf_ratio_4000_mean,0.11752369870306842,0.02800057274496076,spectral
spectral_hf_ratio_4000_std,0.16060334459613335,0.0365588371472055,spectral
spectral_hf_ratio_6000_mean,0.09289079551736672,0.02489505521198771,spectral
spectral_hf_ratio_6000_std,0.14231781253334852,0.03949083129769118,spectral
spectral_contrast_0_mean,0.8188586424459812,0.016603450961271894,spectral
spectral_contrast_0_std,0.46923427974867715,0.04232288104560243,spectral
spectral_contrast_1_mean,0.41731898036197823,0.13550922994779452,spectral
spectral_contrast_1_std,0.2045951234540187,0.1608158939925712,spectral
spectral_contrast_2_mean,0.24779560125173597,0.15498057145035513,spectral
spectral_contrast_2_std,0.23808348957707462,0.1618654284139583,spectral
spectral_contrast_3_mean,0.1794721724636246,0.1326274318144233,spectral
spectral_contrast_3_std,0.1390864648887322,0.12490405903958418,spectral
spectral_contrast_4_mean,0.3054493979781745,0.13896505557158537,spectral
spectral_contrast_4_std,0.22612131109729758,0.13699746575553823,spectral
spectral_contrast_5_mean,0.19827838112202179,0.26003363036044086,spectral
spectral_contrast_5_std,0.29644424026147526,0.16250386575156808,spectral
spectral_contrast_6_mean,0.19077493459769262,0.1512307719625417,spectral
spectral_contrast_6_std,0.1725538105518669,0.08434847859670945,spectral
mfcc_00_mean,0.17778493704452528,0.3170289392080213,mfcc
mfcc_00_std,0.1823051431608881,0.43800322515993767,mfcc
mfcc_00_min,0.1023987874269587,0.278188330332094,mfcc
mfcc_00_max,0.20780338280661245,0.062285678764260624,mfcc
mfcc_00_median,0.15569338624237594,0.13801910181291863,mfcc
mfcc_00_iqr,0.17330177233877625,0.4124913754247588,mfcc
mfcc_00_skew,0.09812999127155536,0.11619248863604785,mfcc
mfcc_00_kurt,0.08329384129644472,0.07977383691834898,mfcc
mfcc_01_mean,0.1947219594853559,0.07571581050216901,mfcc
mfcc_01_std,0.1707429093237058,0.05522199557896611,mfcc
mfcc_01_min,0.209733372539734,0.06638344731023414,mfcc
mfcc_01_max,0.3037813351192605,0.019237418153071343,mfcc
mfcc_01_median,0.23559166760829514,0.06652992496422075,mfcc
mfcc_01_iqr,0.13722710255553464,0.053127893746336086,mfcc
mfcc_01_skew,0.2601186921016527,0.009865666695721977,mfcc
mfcc_01_kurt,0.13718663386676339,0.02703889401562305,mfcc
mfcc_02_mean,0.2560764152962957,0.251981810754275,mfcc
mfcc_02_std,0.20097774047755773,0.3464932061783452,mfcc
mfcc_02_min,0.22766956202237798,0.29188836110870103,mfcc
mfcc_02_max,0.18246401119630024,0.014826820624115365,mfcc
mfcc_02_median,0.238101952819367,0.16987559671717437,mfcc
mfcc_02_iqr,0.1450875923336904,0.32545354480986116,mfcc
mfcc_02_skew,0.14891246336931607,0.02655123961369498,mfcc
mfcc_02_kurt,0.13219862169429625,0.10838484082686892,mfcc
mfcc_03_mean,0.21681275857442056,0.038335831589537524,mfcc
mfcc_03_std,0.13339568821490838,0.21823338536389308,mfcc
mfcc_03_min,0.1740662938144829,0.11487136478697006,mfcc
mfcc_03_max,0.12356730049184957,0.07141587617651321,mfcc
mfcc_03_median,0.3149321669615032,0.04029215257535336,mfcc
mfcc_03_iqr,0.14955479180823208,0.18555644115128792,mfcc
mfcc_03_skew,0.15283189810784759,0.026580185554260043,mfcc
mfcc_03_kurt,0.10846635585866578,0.06067696399643275,mfcc
mfcc_04_mean,0.2966853483820688,0.1938538055270133,mfcc
mfcc_04_std,0.131090920297424,0.23028073847005576,mfcc
mfcc_04_min,0.15461138028825938,0.21643207723956304,mfcc
mfcc_04_max,0.30900538653082144,0.0075005244696359046,mfcc
mfcc_04_median,0.37483461053118666,0.14124837947773877,mfcc
mfcc_04_iqr,0.14592395573578923,0.23287542882040901,mfcc
mfcc_04_skew,0.17552481683506613,0.006413686423086973,mfcc
mfcc_04_kurt,0.140104572485748,0.046722755787736055,mfcc
mfcc_05_mean,0.2890902289437671,0.15013343376540894,mfcc
mfcc_05_std,0.1798750462260294,0.21831198694066517,mfcc
mfcc_05_min,0.1762504645873412,0.17059972753659858,mfcc
mfcc_05_max,0.17803904706773147,0.005794914071168284,mfcc
mfcc_05_median,0.31767837400994453,0.1186973720847568,mfcc
mfcc_05_iqr,0.15654904896803737,0.18757068647250774,mfcc
mfcc_05_skew,0.1143161258827615,0.009358900488185407,mfcc
mfcc_05_kurt,0.07496215574530639,0.041680755887763966,mfcc
mfcc_06_mean,0.3756479750547387,0.03398398091285117,mfcc
mfcc_06_std,0.1515856022240954,0.18027409669027714,mfcc
mfcc_06_min,0.23139976512833457,0.07076500152995202,mfcc
mfcc_06_max,0.23797401474958454,0.0441189185978732,mfcc
mfcc_06_median,0.3625671201613522,0.025951347831846747,mfcc
mfcc_06_iqr,0.15772003764978385,0.14808021686513087,mfcc
mfcc_06_skew,0.23077137252665234,0.005657320897582493,mfcc
mfcc_06_kurt,0.07407791440114106,0.01413206663302589,mfcc
mfcc_07_mean,0.42540947502474,0.15141263097196295,mfcc
mfcc_07_std,0.26632236245099833,0.1813149527820613,mfcc
mfcc_07_min,0.26721068510210483,0.1363537614331867,mfcc
mfcc_07_max,0.2944830825535018,0.011606620883294986,mfcc
mfcc_07_median,0.39859918470884176,0.13063890077766682,mfcc
mfcc_07_iqr,0.23859922430622035,0.1824011332223919,mfcc
mfcc_07_skew,0.09739338488398255,0.0058374790049204785,mfcc
mfcc_07_kurt,0.07683240449068215,0.05040228969248374,mfcc
mfcc_08_mean,0.3199388125445846,0.03218380250201148,mfcc
mfcc_08_std,0.12955542878300627,0.15736559682737664,mfcc
mfcc_08_min,0.20351085706986796,0.08680313284609883,mfcc
mfcc_08_max,0.22393102555369207,0.014824042944422957,mfcc
mfcc_08_median,0.29274090330764047,0.026260262990710534,mfcc
mfcc_08_iqr,0.1197600618076328,0.12547892040679837,mfcc
mfcc_08_skew,0.2598278044470078,0.008092964224154484,mfcc
mfcc_08_kurt,0.04943367899148349,0.0023374426397863085,mfcc
mfcc_09_mean,0.3023114496534822,0.07088608619288896,mfcc
mfcc_09_std,0.11040412641750372,0.14530314987026446,mfcc
mfcc_09_min,0.16415208704608472,0.11199791872475041,mfcc
mfcc_09_max,0.17170737882815576,0.02046615280929566,mfcc
mfcc_09_median,0.32330726781190006,0.05911612884474333,mfcc
mfcc_09_iqr,0.09801589681519216,0.10952764080613085,mfcc
mfcc_09_skew,0.17864835393800954,0.025367874384754137,mfcc
mfcc_09_kurt,0.03886586350057625,0.00045222174223114346,mfcc
mfcc_10_mean,0.4002832427060218,0.06046372882723098,mfcc
mfcc_10_std,0.13954578528324377,0.14535528629303737,mfcc
mfcc_10_min,0.2144870942389889,0.11757317478934749,mfcc
mfcc_10_max,0.227101101034306,0.011391966325751327,mfcc
mfcc_10_median,0.3883676803978922,0.05101262191236269,mfcc
mfcc_10_iqr,0.14434005321760898,0.11925432984224657,mfcc
mfcc_10_skew,0.22313717986190493,0.022823932871529513,mfcc
mfcc_10_kurt,0.04763930741069323,0.002438810553372121,mfcc
mfcc_11_mean,0.46626852285805337,0.015640856296355626,mfcc
mfcc_11_std,0.1739293951101879,0.1335280145091573,mfcc
mfcc_11_min,0.29396166207386687,0.08287067865977063,mfcc
mfcc_11_max,0.17175096999175882,0.030860453577804203,mfcc
mfcc_11_median,0.48390325198030165,0.012791103230232867,mfcc
mfcc_11_iqr,0.16351484729337548,0.10244123924407235,mfcc
mfcc_11_skew,0.23815258499651898,0.010718459753881686,mfcc
mfcc_11_kurt,0.042912799784826,0.010823469023418138,mfcc
mfcc_12_mean,0.3729363645887948,0.03530878451947678,mfcc
mfcc_12_std,0.12557674548383385,0.1172454342089368,mfcc
mfcc_12_min,0.15352174931709842,0.12024276249380811,mfcc
mfcc_12_max,0.1905693164299791,0.018451695757583278,mfcc
mfcc_12_median,0.41923171551238614,0.026995551472896444,mfcc
mfcc_12_iqr,0.09937901379460022,0.09829876022487542,mfcc
mfcc_12_skew,0.18871978881556212,0.02507840556861487,mfcc
mfcc_12_kurt,0.04314949021763521,0.01438755809699995,mfcc
mfcc_13_mean,0.4223804976542633,0.017392572939914235,mfcc
mfcc_13_std,0.1257541650743778,0.1356588684815505,mfcc
mfcc_13_min,0.23753781840709123,0.10211078189045622,mfcc
mfcc_13_max,0.14336521324466944,0.036065012431914525,mfcc
mfcc_13_median,0.4600706708679898,0.0176044165061715,mfcc
mfcc_13_iqr,0.11447094501842202,0.09987191242689974,mfcc
mfcc_13_skew,0.1818366683514783,0.009538276636727258,mfcc
mfcc_13_kurt,0.0578056703767428,0.022823993527537542,mfcc
mfcc_14_mean,0.3927631226192682,0.015271931728980542,mfcc
mfcc_14_std,0.14942537096675212,0.15303654205008071,mfcc
mfcc_14_min,0.24970396302573308,0.11828152134738472,mfcc
mfcc_14_max,0.10367545141192346,0.04710502341199004,mfcc
mfcc_14_median,0.4619503380236717,0.014002869804564841,mfcc
mfcc_14_iqr,0.11438852557898696,0.11453384771857963,mfcc
mfcc_14_skew,0.11393472061975257,0.009106643466033456,mfcc
mfcc_14_kurt,0.05908436359577429,0.038955840482875294,mfcc
mfcc_15_mean,0.3762972229307942,0.019496144022549573,mfcc
mfcc_15_std,0.14471982638491918,0.14734423165257787,mfcc
mfcc_15_min,0.15851630377002146,0.13268022200909868,mfcc
mfcc_15_max,0.22401343138713614,0.05038697228420559,mfcc
mfcc_15_median,0.4198908601499473,0.028069810067752943,mfcc
mfcc_15_iqr,0.10250324195745403,0.10427139175484339,mfcc
mfcc_15_skew,0.1968764843995507,0.005172132854691222,mfcc
mfcc_15_kurt,0.06993818651545797,0.04735680040908174,mfcc
mfcc_16_mean,0.3943556437670741,0.009492722359261819,mfcc
mfcc_16_std,0.1677210400087436,0.1489270334009024,mfcc
mfcc_16_min,0.26296691211518175,0.10486437082533999,mfcc
mfcc_16_max,0.08889215920550435,0.07387189747931096,mfcc
mfcc_16_median,0.48510486813838655,0.012361762300202406,mfcc
mfcc_16_iqr,0.1315282925581903,0.10560349934623606,mfcc
mfcc_16_skew,0.08504712991042036,0.005314182211526217,mfcc
mfcc_16_kurt,0.0707813251937728,0.04977063114026147,mfcc
mfcc_17_mean,0.34379388941658195,0.007178152438717802,mfcc
mfcc_17_std,0.1667713781607761,0.15177826049989193,mfcc
mfcc_17_min,0.16123557234614516,0.11415277915870024,mfcc
mfcc_17_max,0.15274106631818565,0.08303755035901139,mfcc
mfcc_17_median,0.4560434765529171,0.017650350872892892,mfcc
mfcc_17_iqr,0.13290100658270404,0.1049872227400189,mfcc
mfcc_17_skew,0.0741434868280392,0.011990985640486729,mfcc
mfcc_17_kurt,0.0781416889832872,0.06280325015211954,mfcc
mfcc_18_mean,0.32223301130523124,0.004883435993759201,mfcc
mfcc_18_std,0.1755262064901654,0.17162076535204773,mfcc
mfcc_18_min,0.18432927286286077,0.11430275801900108,mfcc
mfcc_18_max,0.1613659729919451,0.08897915283023416,mfcc
mfcc_18_median,0.4009883199316813,0.0068336488273483655,mfcc
mfcc_18_iqr,0.12761012694696575,0.12071843710716314,mfcc
mfcc_18_skew,0.07578083191174827,0.0061763259410921485,mfcc
mfcc_18_kurt,0.07672954903202184,0.05379684675331776,mfcc
mfcc_19_mean,0.3509947173561072,0.000995637465356788,mfcc
mfcc_19_std,0.21012438184674959,0.16890063188762786,mfcc
mfcc_19_min,0.26566464162170056,0.09019334203946637,mfcc
mfcc_19_max,0.12101049326167003,0.11132121410221854,mfcc
mfcc_19_median,0.460455437430689,0.003611407169461443,mfcc
mfcc_19_iqr,0.1651094989064868,0.12601185928848227,mfcc
mfcc_19_skew,0.06493215182583832,0.010054092714402501,mfcc
mfcc_19_kurt,0.09644577142347692,0.054702774482635746,mfcc
mfcc_d1_00_mean,0.02687592189470517,0.0012907096465386886,mfcc
mfcc_d1_00_std,0.16017016489690325,0.4452911803946833,mfcc
mfcc_d2_00_mean,0.07154097613442889,0.011295512326734109,mfcc
mfcc_d2_00_std,0.19700312685880741,0.37405183899082584,mfcc
mfcc_d1_01_mean,0.02536451622045284,0.010879942116292913,mfcc
mfcc_d1_01_std,0.17119878152002072,0.07735980689414632,mfcc
mfcc_d2_01_mean,0.0403124018146897,0.025072721399010206,mfcc
mfcc_d2_01_std,0.2066614094724793,0.13156178796850096,mfcc
mfcc_d1_02_mean,0.019084089572090093,0.0003525323404153215,mfcc
mfcc_d1_02_std,0.21147825210071666,0.2686005280650526,mfcc
mfcc_d2_02_mean,0.08571183700180414,0.006272615368441517,mfcc
mfcc_d2_02_std,0.20546638415584664,0.19785458824027571,mfcc
mfcc_d1_03_mean,0.015624681989698883,0.0010177579266915312,mfcc
mfcc_d1_03_std,0.1391835578438941,0.20697338189367656,mfcc
mfcc_d2_03_mean,0.05420654513850021,0.004628565796608127,mfcc
mfcc_d2_03_std,0.13904290560943422,0.16052706361741906,mfcc
mfcc_d1_04_mean,0.016416010918206127,0.0013844251932493715,mfcc
mfcc_d1_04_std,0.1383160299800075,0.2300860348414606,mfcc
mfcc_d2_04_mean,0.04368974047512709,0.000900674371170746,mfcc
mfcc_d2_04_std,0.14415866026050125,0.21025061496748182,mfcc
mfcc_d1_05_mean,0.015712849160387503,0.00036233333961059534,mfcc
mfcc_d1_05_std,0.15777837881464776,0.1954467015046661,mfcc
mfcc_d2_05_mean,0.037779777784607546,0.0004818822182598918,mfcc
mfcc_d2_05_std,0.1390980080698096,0.15902344423446516,mfcc
mfcc_d1_06_mean,0.01975628158434792,0.0004457793280936781,mfcc
mfcc_d1_06_std,0.13401629824728808,0.1588255510851127,mfcc
mfcc_d2_06_mean,0.024485470238132436,0.0004987216724305251,mfcc
mfcc_d2_06_std,0.11614021090470038,0.12170828448453506,mfcc
mfcc_d1_07_mean,0.01784683451645615,0.000768940801088026,mfcc
mfcc_d1_07_std,0.19299741194481065,0.13853821241517472,mfcc
mfcc_d2_07_mean,0.03934891638156391,0.0014985426920056672,mfcc
mfcc_d2_07_std,0.1375585243044495,0.11411220581146386,mfcc
mfcc_d1_08_mean,0.01409275670761059,0.0015893349869908725,mfcc
mfcc_d1_08_std,0.11648447299813425,0.14881739776715303,mfcc
mfcc_d2_08_mean,0.01405577292551251,0.00023707514813088647,mfcc
mfcc_d2_08_std,0.09920966067064144,0.12477658187640397,mfcc
mfcc_d1_09_mean,0.016135282214407715,0.0004322915210538734,mfcc
mfcc_d1_09_std,0.10327567016928761,0.1428066613234846,mfcc
mfcc_d2_09_mean,0.01647674855559337,0.0006472149387921228,mfcc
mfcc_d2_09_std,0.09591185807022169,0.11695440918975836,mfcc
mfcc_d1_10_mean,0.015879825708608596,0.0027086514971927243,mfcc
mfcc_d1_10_std,0.11038998959191036,0.1333493565008042,mfcc
mfcc_d2_10_mean,0.01636597303513812,0.0007730950728810202,mfcc
mfcc_d2_10_std,0.10542370389173711,0.11257889848998627,mfcc
mfcc_d1_11_mean,0.013669188989184811,0.003562206418577893,mfcc
mfcc_d1_11_std,0.13310269797945068,0.1295816117334844,mfcc
mfcc_d2_11_mean,0.016210412637075924,0.0009315151550880864,mfcc
mfcc_d2_11_std,0.11370128325111077,0.09877144996892241,mfcc
mfcc_d1_12_mean,0.01443265285139509,0.000943670781907605,mfcc
mfcc_d1_12_std,0.12530178738370118,0.1175865379635802,mfcc
mfcc_d2_12_mean,0.02080163225864882,0.00041516477645382754,mfcc
mfcc_d2_12_std,0.10815111094928202,0.08875722545076867,mfcc
mfcc_d1_13_mean,0.010717065003850194,0.0010282535838112858,mfcc
mfcc_d1_13_std,0.1346386133185264,0.13401082708750295,mfcc
mfcc_d2_13_mean,0.019803184538402963,0.0007795338627921847,mfcc
mfcc_d2_13_std,0.12320614885867401,0.10179657972090034,mfcc
mfcc_d1_14_mean,0.012086254142992645,0.0008673977156617704,mfcc
mfcc_d1_14_std,0.14269063388448106,0.14359701308406025,mfcc
mfcc_d2_14_mean,0.017515147865576557,0.0009621444342045522,mfcc
mfcc_d2_14_std,0.14140973927266956,0.10964065874706978,mfcc
mfcc_d1_15_mean,0.011648680861583938,0.0024556271520912846,mfcc
mfcc_d1_15_std,0.1364164209559976,0.15210104302987715,mfcc
mfcc_d2_15_mean,0.01908425040150935,0.00010888644936524697,mfcc
mfcc_d2_15_std,0.1312482032394224,0.10797457420708848,mfcc
mfcc_d1_16_mean,0.011328210232406266,0.0005438619173354387,mfcc
mfcc_d1_16_std,0.16155980257169217,0.14871840246843915,mfcc
mfcc_d2_16_mean,0.016901117903505875,4.830776262398483e-05,mfcc
mfcc_d2_16_std,0.1485820287276708,0.10494039777863087,mfcc
mfcc_d1_17_mean,0.011543778831579704,0.0008968723337958736,mfcc
mfcc_d1_17_std,0.17426661075174837,0.156233715285969,mfcc
mfcc_d2_17_mean,0.022666236341811082,0.0005239259754672112,mfcc
mfcc_d2_17_std,0.1678712793789597,0.11408730189069864,mfcc
mfcc_d1_18_mean,0.010998606772607328,0.0003784622269997912,mfcc
mfcc_d1_18_std,0.18473894718355707,0.15843378533492466,mfcc
mfcc_d2_18_mean,0.016417278260143133,0.0009704677775764286,mfcc
mfcc_d2_18_std,0.1659891681262991,0.11301771788380559,mfcc
mfcc_d1_19_mean,0.014403170029101221,0.00023520998756931826,mfcc
mfcc_d1_19_std,0.20775480007982194,0.174107966155026,mfcc
mfcc_d2_19_mean,0.018096090607532853,0.000521732018642999,mfcc
mfcc_d2_19_std,0.18712414823539109,0.13457042782267425,mfcc
chroma_00_mean,0.22742518001456055,0.11507113034530943,chroma
chroma_00_std,0.23024235873725482,0.20645443157367138,chroma
chroma_01_mean,0.24961376890490108,0.06590877327637172,chroma
chroma_01_std,0.2379827451954526,0.18794876774663216,chroma
chroma_02_mean,0.29647956080882437,0.059180276636105714,chroma
chroma_02_std,0.23742220757116508,0.13585154965399932,chroma
chroma_03_mean,0.38125518000980263,0.047045045336481024,chroma
chroma_03_std,0.1844172782072642,0.11849381065661196,chroma
chroma_04_mean,0.41254420241266654,0.05589722006248877,chroma
chroma_04_std,0.24249364491579942,0.15273252385630517,chroma
chroma_05_mean,0.3964822548891555,0.08496447777321965,chroma
chroma_05_std,0.26937959425345226,0.16103450506362088,chroma
chroma_06_mean,0.39393187139206554,0.11427318716025171,chroma
chroma_06_std,0.271309314141379,0.154201155073,chroma
chroma_07_mean,0.30419380080833314,0.15274087926208438,chroma
chroma_07_std,0.22311406436213493,0.21424600236865735,chroma
chroma_08_mean,0.18885356762860195,0.20035584998112532,chroma
chroma_08_std,0.1818849672134614,0.24032002848904238,chroma
chroma_09_mean,0.16482937618740687,0.21149830166470754,chroma
chroma_09_std,0.1889052388952334,0.21067195906727287,chroma
chroma_10_mean,0.17503358079628828,0.19891208618844083,chroma
chroma_10_std,0.19588305017704827,0.22133647531453668,chroma
chroma_11_mean,0.19107864406658845,0.17044820459281143,chroma
chroma_11_std,0.2473621776669168,0.18783018350076394,chroma
prosody_f0_mean,0.40962378754255874,0.19955213181488976,prosody
prosody_f0_std,0.17340024320879235,0.0593690544814985,prosody
prosody_f0_min,0.10778722014230219,0.18317093995954165,prosody
prosody_f0_max,0.1862338813878264,0.13748352980275264,prosody
prosody_f0_median,0.4450904187882682,0.1700939129826851,prosody
prosody_f0_iqr,0.17229326080585733,0.04988156046115953,prosody
prosody_f0_skew,0.3065636191487513,0.022533618583296527,prosody
prosody_f0_kurt,0.09385872164899085,0.012376597195377254,prosody
prosody_voiced_fraction,0.2509457502234126,0.04129921330299148,prosody
prosody_f0_slope_abs_mean,0.1338356741606316,0.03850899734196848,prosody
prosody_n_voiced_segments,0.19700734037326584,0.17787339112488118,prosody
prosody_voiced_rate_per_s,0.16779335913474447,0.19909200368352506,prosody
prosody_mean_voiced_seg_s,0.10420655986921551,0.12591125525040206,prosody
prosody_pause_fraction,0.2509457502234126,0.041299213302991473,prosody
prosody_jitter_local,0.1898735590320945,0.11588574915621216,prosody
prosody_jitter_rap,0.18536200432139438,0.10859064764946946,prosody
prosody_jitter_ppq5,0.17788080779432555,0.053527672548198305,prosody
prosody_jitter_ddp,0.18536200432139432,0.10859064764946944,prosody
prosody_shimmer_local,0.1498289491123219,0.1143133862197652,prosody
prosody_shimmer_localdb,0.14198280773321567,0.07670353671236148,prosody
prosody_shimmer_apq3,0.1261573422690878,0.1795118400557232,prosody
prosody_shimmer_apq5,0.10523722388851102,0.08638533665576012,prosody
prosody_shimmer_apq11,0.048012299797851855,0.01148148124779351,prosody
prosody_shimmer_dda,0.1261573422690878,0.1795118400557232,prosody
prosody_hnr_mean,0.2370988028409602,0.16352420925107816,prosody
prosody_hnr_std,0.1607350094765176,0.05850204145253571,prosody
prosody_hnr_min,0.15985954140290168,0.13855508141514636,prosody
prosody_hnr_max,0.19141552845372808,0.1081727456033542,prosody
prosody_hnr_median,0.23060553011492482,0.15081240263677587,prosody
prosody_f1_mean,0.3631304241366239,0.13268879393317484,prosody
prosody_f1_std,0.5267195646153539,0.01404756491479223,prosody
prosody_f1_median,0.2529597760849267,0.21050006982227787,prosody
prosody_f1_bw_median,0.4753537681761467,0.07281906461935399,prosody
prosody_f2_mean,0.18280193840494535,0.006266944578798095,prosody
prosody_f2_std,0.19688526727687544,0.012974861219497726,prosody
prosody_f2_median,0.1750837729764346,0.0035093963748232316,prosody
prosody_f2_bw_median,0.19922284539801613,0.23733535157699767,prosody
prosody_f3_mean,0.38181247791186546,0.025295877368471727,prosody
prosody_f3_std,0.5827202136987352,0.01083704875531185,prosody
prosody_f3_median,0.4784176953042069,0.010057427496110372,prosody
prosody_f3_bw_median,0.23118851217146533,0.23090503944921217,prosody
prosody_f4_mean,0.44599422875704947,0.0877057455498082,prosody
prosody_f4_std,0.4729505199030997,0.014907639342576155,prosody
prosody_f4_median,0.4848987878429418,0.04923939151498545,prosody
prosody_f5_mean,0.3294301000504233,0.09245313004275423,prosody
prosody_f5_std,0.28995892671282325,0.1438207370671593,prosody
prosody_f5_median,0.2882476849909804,0.05838421610694111,prosody
prosody_intensity_mean,0.17369460922362162,0.35411827335158896,prosody
prosody_intensity_std,0.16840528630073023,0.4203102554614693,prosody
prosody_intensity_min,0.1364389417406846,0.34287570639347525,prosody
prosody_intensity_max,0.08940089898548874,0.016916054431064222,prosody
prosody_intensity_median,0.1553487083389942,0.18560211544877195,prosody
prosody_intensity_iqr,0.15240723351688226,0.3983782725288531,prosody
prosody_intensity_skew,0.11554434252557515,0.18911433671674963,prosody
prosody_intensity_kurt,0.05929732006504405,0.10568337492527137,prosody
prosody_cpps,0.19325337163754505,0.1892056217591804,prosody
