model,train_condition,test_condition,accuracy,balanced_accuracy,macro_f1,weighted_f1,cohen_kappa,log_loss,top2_accuracy
dummy_majority,ref,ref,0.17073170731707318,0.16666666666666666,0.04861111111111111,0.049796747967479675,0.0,29.889858908048364,0.34146341463414637
dummy_majority,ref,mp3_64,0.17073170731707318,0.16666666666666666,0.04861111111111111,0.049796747967479675,0.0,29.889858908048364,0.34146341463414637
dummy_majority,ref,mp4_aac64,0.17073170731707318,0.16666666666666666,0.04861111111111111,0.049796747967479675,0.0,29.889858908048364,0.34146341463414637
dummy_majority,ref,roundtrip_wav,0.17073170731707318,0.16666666666666666,0.04861111111111111,0.049796747967479675,0.0,29.889858908048364,0.34146341463414637
dummy_stratified,ref,ref,0.16219512195121952,0.1613095238095238,0.1610643353472327,0.1618856963305348,-0.006125984533228657,30.197548632101807,0.3280487804878049
dummy_stratified,ref,mp3_64,0.16219512195121952,0.1613095238095238,0.1610643353472327,0.1618856963305348,-0.006125984533228657,30.197548632101807,0.3280487804878049
dummy_stratified,ref,mp4_aac64,0.16219512195121952,0.1613095238095238,0.1610643353472327,0.1618856963305348,-0.006125984533228657,30.197548632101807,0.3280487804878049
dummy_stratified,ref,roundtrip_wav,0.16219512195121952,0.1613095238095238,0.1610643353472327,0.1618856963305348,-0.006125984533228657,30.197548632101807,0.3280487804878049
logistic_regression,ref,ref,0.5652439024390243,0.5668650793650793,0.5608000763849209,0.5597079394859428,0.47818714076612767,1.3837721967604166,0.7853658536585366
logistic_regression,ref,mp3_64,0.23902439024390243,0.2333333333333333,0.14541837974374475,0.14896516949359215,0.08235294117647063,11.943069055562654,0.4274390243902439
logistic_regression,ref,mp4_aac64,0.47865853658536583,0.47222222222222227,0.4657134976512513,0.4694741566244335,0.3722354542361348,2.0637590835764503,0.7103658536585366
logistic_regression,ref,roundtrip_wav,0.47621951219512193,0.4699404761904762,0.4670045814405723,0.47071652696802974,0.36933242604397953,2.090528499988048,0.7060975609756097
lda,ref,ref,0.5847560975609756,0.5854166666666667,0.5795849378542396,0.579436829740491,0.5016065117275357,1.2608740092493713,0.7884146341463415
lda,ref,mp3_64,0.3463414634146341,0.33829365079365076,0.24794184381098663,0.25358606132784395,0.2117929772963667,6.131263471130162,0.47865853658536583
lda,ref,mp4_aac64,0.5115853658536585,0.5067460317460317,0.5025640518557439,0.5048500097301395,0.4123152356751727,1.5320458764829095,0.7341463414634146
lda,ref,roundtrip_wav,0.5067073170731707,0.5016865079365079,0.498496015485474,0.5010070603634743,0.40641385851572154,1.5372959128491288,0.7365853658536585
gaussian_nb,ref,ref,0.424390243902439,0.4295634920634921,0.3791044591496234,0.37758845217801235,0.3115372300686612,17.065983249053183,0.6207317073170732
gaussian_nb,ref,mp3_64,0.2841463414634146,0.27738095238095234,0.1795431891630673,0.18392229133777627,0.1367647058823529,24.079085945137496,0.4371951219512195
gaussian_nb,ref,mp4_aac64,0.43109756097560975,0.437202380952381,0.3928404130935905,0.39121188590428413,0.31980155766563534,16.753280774004434,0.6432926829268293
gaussian_nb,ref,roundtrip_wav,0.4268292682926829,0.43303571428571425,0.389062434343102,0.38743466188872955,0.3147713533888059,16.81125446829953,0.6420731707317073
knn,ref,ref,0.4774390243902439,0.4790674603174603,0.46561334282890354,0.46504766899182176,0.37318039103753375,2.824246040623202,0.7054878048780487
knn,ref,mp3_64,0.3676829268292683,0.36160714285714285,0.3272859179214613,0.3309073318458904,0.23834688832359996,3.2744765304598413,0.5926829268292683
knn,ref,mp4_aac64,0.4676829268292683,0.467063492063492,0.456223181993503,0.4566006147067971,0.36085069909465883,2.5721697155759435,0.677439024390244
knn,ref,roundtrip_wav,0.4579268292682927,0.45714285714285713,0.44599239492929543,0.44650440456171736,0.349125,2.6186611726513287,0.6743902439024391
decision_tree,ref,ref,0.3896341463414634,0.3904761904761905,0.3821705981290457,0.38260681480815134,0.2681704707560628,8.992130732689109,0.5719512195121951
decision_tree,ref,mp3_64,0.38170731707317074,0.3818452380952381,0.3716609768257008,0.3721824034342373,0.2582826354569946,9.091027258666951,0.5542682926829269
decision_tree,ref,mp4_aac64,0.3652439024390244,0.3671626984126984,0.3544340792709977,0.3544657564841598,0.23955029754480983,8.98924116898111,0.5585365853658537
decision_tree,ref,roundtrip_wav,0.36890243902439024,0.37093253968253975,0.35774113369567195,0.3576924790639235,0.24393329294800992,8.938957772175442,0.5615853658536586
random_forest,ref,ref,0.5323170731707317,0.5349206349206349,0.5170767342459401,0.51595491561806,0.4391174844382614,1.2731187905518304,0.7420731707317073
random_forest,ref,mp3_64,0.5298780487804878,0.5323412698412698,0.5150288016446912,0.5139606375528114,0.43616224315068486,1.2848354380132103,0.7420731707317073
random_forest,ref,mp4_aac64,0.5207317073170732,0.5223214285714286,0.5077712653574135,0.5072515236485177,0.4250798351560131,1.3207740261357086,0.7280487804878049
random_forest,ref,roundtrip_wav,0.5201219512195122,0.5217261904761905,0.5067411096384976,0.50619624218036,0.42434838456460844,1.3214365990205554,0.7268292682926829
extra_trees,ref,ref,0.5158536585365854,0.5191468253968253,0.4962982318500863,0.49460390175458185,0.4194560855996433,1.2881910246329864,0.7420731707317073
extra_trees,ref,mp3_64,0.5182926829268293,0.5208333333333334,0.49948973521346746,0.49819713880781286,0.42225710361557545,1.299791434015073,0.7371951219512195
extra_trees,ref,mp4_aac64,0.5103658536585366,0.5122023809523809,0.49517984689489875,0.4946832747386366,0.4127918383362763,1.3261834642577164,0.7310975609756097
extra_trees,ref,roundtrip_wav,0.5048780487804878,0.5067460317460318,0.4882660190427978,0.48780308348746126,0.4062633756598657,1.3271097658717392,0.7298780487804878
hist_gradient_boosting,ref,ref,0.572560975609756,0.5730158730158731,0.5662158738113279,0.5661445956956748,0.48694193041646583,1.2533280461540062,0.776219512195122
hist_gradient_boosting,ref,mp3_64,0.5591463414634147,0.5591269841269841,0.5543252850610408,0.5542558393997844,0.47067016660416783,1.2564739175882833,0.7731707317073171
hist_gradient_boosting,ref,mp4_aac64,0.5323170731707317,0.5303571428571429,0.5250614492115778,0.525839760535482,0.43802494728189,1.3241551342586935,0.7451219512195122
hist_gradient_boosting,ref,roundtrip_wav,0.5347560975609756,0.5333333333333333,0.5276840447191339,0.5279729944910055,0.44099567563703934,1.324208953807499,0.7481707317073171
adaboost,ref,ref,0.5195121951219512,0.520734126984127,0.5136723732242932,0.5131483762297638,0.4234009137635637,1.7767066866915227,0.7554878048780488
adaboost,ref,mp3_64,0.5115853658536585,0.5107142857142858,0.5069187476569997,0.5071141827682369,0.4133126105364703,1.776890174700843,0.7371951219512195
adaboost,ref,mp4_aac64,0.48841463414634145,0.4865079365079365,0.47866010873876336,0.47994238074405665,0.3855126831011074,1.778781247418237,0.7085365853658536
adaboost,ref,roundtrip_wav,0.48597560975609755,0.48392857142857143,0.4762394688683093,0.47758548929000105,0.3825389452622553,1.7787833714506374,0.7036585365853658
svm_rbf,ref,ref,0.5853658536585366,0.5856150793650794,0.5807939292816177,0.5801179119885381,0.5020539382032505,1.1104445667734455,0.7865853658536586
svm_rbf,ref,mp3_64,0.20792682926829267,0.20297619047619045,0.10613427712481716,0.1087229180303005,0.04485294117647054,1.9549699375778269,0.34146341463414637
svm_rbf,ref,mp4_aac64,0.5048780487804878,0.4988095238095238,0.4834956401134722,0.4864989396196457,0.403935330241885,1.2941197448249582,0.6926829268292682
svm_rbf,ref,roundtrip_wav,0.5030487804878049,0.49692460317460313,0.48169530278408096,0.4847489572842306,0.40171169719432076,1.2986095607457533,0.6926829268292682
linear_svm,ref,ref,0.5829268292682926,0.5843253968253967,0.5769966593350923,0.576252795683911,0.4994556196119728,,
linear_svm,ref,mp3_64,0.4091463414634146,0.4051587301587301,0.3370307224177323,0.33626917983636073,0.2884570609832543,,
linear_svm,ref,mp4_aac64,0.4768292682926829,0.4711309523809524,0.46968209368092734,0.47291145922170896,0.37022449783379274,,
linear_svm,ref,roundtrip_wav,0.4676829268292683,0.46230158730158727,0.4646803689512094,0.4677413221805144,0.3592603200744692,,
mlp_sklearn,ref,ref,0.573170731707317,0.5742063492063493,0.5691303944492406,0.5681871632225557,0.4875640544931883,1.857078371169076,0.7804878048780488
mlp_sklearn,ref,mp3_64,0.3908536585365854,0.3834325396825397,0.3123736872787269,0.31652128703239646,0.26579669098535497,4.969411782528971,0.5719512195121951
mlp_sklearn,ref,mp4_aac64,0.49634146341463414,0.4913690476190476,0.48231761000917533,0.48435355340852515,0.3937994486807719,2.3965113588485774,0.7085365853658536
mlp_sklearn,ref,roundtrip_wav,0.49878048780487805,0.49414682539682536,0.4864768636619652,0.4882257450373123,0.3967998281786943,2.4020839841689106,0.7134146341463414
xgboost,ref,ref,0.5810975609756097,0.5821428571428572,0.5744970104392203,0.5743835087633334,0.49735893500838724,1.3262207508087158,0.7847560975609756
xgboost,ref,mp3_64,0.5859756097560975,0.5861111111111111,0.5815517980850691,0.5816570670052482,0.5029815039634364,1.2964811325073242,0.7810975609756098
xgboost,ref,mp4_aac64,0.5597560975609757,0.5601190476190476,0.5513663101988809,0.5507606002638162,0.47138341756102786,1.353598713874817,0.7640243902439025
xgboost,ref,roundtrip_wav,0.5597560975609757,0.5601190476190476,0.5515634109223501,0.5511363681412257,0.47144004999553624,1.347251057624817,0.7652439024390244
lightgbm,ref,ref,0.5896341463414634,0.5907738095238094,0.5839986941267171,0.5836655830078565,0.5075492575671046,1.8708968546665146,0.7871951219512195
lightgbm,ref,mp3_64,0.5847560975609756,0.5856150793650795,0.5801444901606888,0.5799866930126973,0.5016598843435426,1.8081438592253123,0.7914634146341464
lightgbm,ref,mp4_aac64,0.5597560975609757,0.5590277777777778,0.5525584385090289,0.5525678171789201,0.4712040014290819,1.8757694723247913,0.7676829268292683
lightgbm,ref,roundtrip_wav,0.5628048780487804,0.5621031746031746,0.5557388276685754,0.5556306270091603,0.474837879843507,1.8697754202172407,0.7682926829268293
dummy_majority,mp4_aac64,ref,0.17073170731707318,0.16666666666666666,0.04861111111111111,0.049796747967479675,0.0,29.889858908048364,0.34146341463414637
dummy_majority,mp4_aac64,mp3_64,0.17073170731707318,0.16666666666666666,0.04861111111111111,0.049796747967479675,0.0,29.889858908048364,0.34146341463414637
dummy_majority,mp4_aac64,mp4_aac64,0.17073170731707318,0.16666666666666666,0.04861111111111111,0.049796747967479675,0.0,29.889858908048364,0.34146341463414637
dummy_majority,mp4_aac64,roundtrip_wav,0.17073170731707318,0.16666666666666666,0.04861111111111111,0.049796747967479675,0.0,29.889858908048364,0.34146341463414637
dummy_stratified,mp4_aac64,ref,0.16219512195121952,0.1613095238095238,0.1610643353472327,0.1618856963305348,-0.006125984533228657,30.197548632101807,0.3280487804878049
dummy_stratified,mp4_aac64,mp3_64,0.16219512195121952,0.1613095238095238,0.1610643353472327,0.1618856963305348,-0.006125984533228657,30.197548632101807,0.3280487804878049
dummy_stratified,mp4_aac64,mp4_aac64,0.16219512195121952,0.1613095238095238,0.1610643353472327,0.1618856963305348,-0.006125984533228657,30.197548632101807,0.3280487804878049
dummy_stratified,mp4_aac64,roundtrip_wav,0.16219512195121952,0.1613095238095238,0.1610643353472327,0.1618856963305348,-0.006125984533228657,30.197548632101807,0.3280487804878049
logistic_regression,mp4_aac64,ref,0.5609756097560976,0.5608134920634921,0.5606379214665315,0.5600216979974116,0.4726122842748419,1.4406023174688598,0.7823170731707317
logistic_regression,mp4_aac64,mp3_64,0.2780487804878049,0.27142857142857146,0.15038297807029585,0.15405085558420548,0.12941176470588234,12.293252068140394,0.4219512195121951
logistic_regression,mp4_aac64,mp4_aac64,0.5689024390243902,0.5704365079365078,0.5649591155296169,0.5637595472707925,0.48251361242524327,1.4063951035145592,0.7798780487804878
logistic_regression,mp4_aac64,roundtrip_wav,0.5609756097560976,0.5628968253968253,0.5581364056959112,0.5567550873206447,0.47305474732689523,1.4037097422564182,0.7835365853658537
lda,mp4_aac64,ref,0.5713414634146341,0.5705357142857143,0.5633969979515855,0.5636924844557206,0.4851932556976495,1.3347034355498608,0.7829268292682927
lda,mp4_aac64,mp3_64,0.3408536585365854,0.3327380952380952,0.2228585906446603,0.22829416602623737,0.20514705882352946,7.094766732986249,0.4652439024390244
lda,mp4_aac64,mp4_aac64,0.5774390243902439,0.5787698412698413,0.5727999728409628,0.5721749673773183,0.4928785607196402,1.2845724708675506,0.7908536585365854
lda,mp4_aac64,roundtrip_wav,0.5829268292682926,0.5844246031746032,0.5785599780442847,0.5778166280430648,0.4994734869442611,1.2810307003814059,0.7896341463414634
gaussian_nb,mp4_aac64,ref,0.43353658536585366,0.4368055555555555,0.3928356810962548,0.39093434702526414,0.3210758974724608,17.3472614079349,0.6304878048780488
gaussian_nb,mp4_aac64,mp3_64,0.29634146341463413,0.2892857142857143,0.21475287599076764,0.2199907510149327,0.15147058823529413,23.690042648268104,0.4329268292682927
gaussian_nb,mp4_aac64,mp4_aac64,0.4268292682926829,0.43184523809523806,0.38190909951571245,0.3801670450323559,0.3141738588842423,16.732978741550273,0.623780487804878
gaussian_nb,mp4_aac64,roundtrip_wav,0.424390243902439,0.4294642857142857,0.37991938886465326,0.37816146928621797,0.31127996156378457,16.71349804226506,0.6225609756097561
knn,mp4_aac64,ref,0.4798780487804878,0.4797619047619048,0.4677414759008363,0.4676601855529227,0.3755267480894223,3.0491133109682504,0.6914634146341463
knn,mp4_aac64,mp3_64,0.3646341463414634,0.3573412698412699,0.3117777244726681,0.3169166193990509,0.234331594888614,3.669586825898819,0.598170731707317
knn,mp4_aac64,mp4_aac64,0.47012195121951217,0.4729166666666666,0.45698202411870587,0.4559543894814113,0.36473210305785864,2.820790481062643,0.7006097560975609
knn,mp4_aac64,roundtrip_wav,0.47073170731707314,0.47331349206349205,0.4578880617981917,0.4567279036602318,0.3652933832709113,2.805363788449483,0.7048780487804878
decision_tree,mp4_aac64,ref,0.4067073170731707,0.4079365079365079,0.4066169391256338,0.40627466701644693,0.28817158253483943,9.294920098179785,0.5652439024390243
decision_tree,mp4_aac64,mp3_64,0.4067073170731707,0.40763888888888894,0.40718580644487745,0.4071181020697829,0.28815888083937036,9.69172981187376,0.5689024390243902
decision_tree,mp4_aac64,mp4_aac64,0.4054878048780488,0.4073412698412699,0.4019733412374394,0.4014328952418484,0.28701375140456964,8.756339566890041,0.5707317073170731
decision_tree,mp4_aac64,roundtrip_wav,0.4060975609756098,0.4081349206349207,0.4022085299295306,0.40149546379814666,0.2877450193518468,8.796870636589919,0.5719512195121951
random_forest,mp4_aac64,ref,0.5189024390243903,0.5205357142857143,0.5050372790769204,0.5037622797138105,0.4226073608681683,1.2905988827779626,0.7445121951219512
random_forest,mp4_aac64,mp3_64,0.5201219512195122,0.5213293650793651,0.5080397269032909,0.5071448029170792,0.42404012637666666,1.2988856558699946,0.7426829268292683
random_forest,mp4_aac64,mp4_aac64,0.5213414634146342,0.5237103174603175,0.5060285314890849,0.504935769013795,0.4258932234530245,1.2789796040517405,0.7463414634146341
random_forest,mp4_aac64,roundtrip_wav,0.5219512195121951,0.5245039682539683,0.5064000939934462,0.5051108460601336,0.4266143417766679,1.2794651104818449,0.7463414634146341
extra_trees,mp4_aac64,ref,0.5164634146341464,0.51875,0.49888058314078343,0.497285001651918,0.41983547759675943,1.3072187168576919,0.7347560975609756
extra_trees,mp4_aac64,mp3_64,0.5134146341463415,0.5154761904761905,0.4963273307239797,0.4947667464965965,0.4161045079772995,1.3108158015383984,0.7371951219512195
extra_trees,mp4_aac64,mp4_aac64,0.5182926829268293,0.5205357142857143,0.5002905229588754,0.4992135980445932,0.4222261862290404,1.2995752407612182,0.7384146341463415
extra_trees,mp4_aac64,roundtrip_wav,0.5121951219512195,0.5143849206349206,0.49358031423771836,0.49254460574858827,0.41492303027059807,1.2995678147177099,0.7396341463414634
hist_gradient_boosting,mp4_aac64,ref,0.551219512195122,0.5512896825396826,0.5454902314150445,0.5453625629695296,0.4611717229434136,1.1936632718460563,0.7628048780487805
hist_gradient_boosting,mp4_aac64,mp3_64,0.5493902439024391,0.5484126984126984,0.546758484891304,0.547184687818921,0.45876279451956914,1.1985498767987588,0.7591463414634146
hist_gradient_boosting,mp4_aac64,mp4_aac64,0.550609756097561,0.5512896825396826,0.5446400684406266,0.5446027784332605,0.4606899998215209,1.1933925465191413,0.7713414634146342
hist_gradient_boosting,mp4_aac64,roundtrip_wav,0.5567073170731708,0.5572420634920635,0.5508139752541036,0.5507145546612554,0.4679316684814624,1.1910999246537444,0.776829268292683
adaboost,mp4_aac64,ref,0.5115853658536585,0.510813492063492,0.5061514229046186,0.5066865667238584,0.41350120546477376,1.777134993974998,0.749390243902439
adaboost,mp4_aac64,mp3_64,0.5091463414634146,0.508234126984127,0.5039363112851428,0.5042444079548759,0.4104144337263309,1.7770466061602954,0.749390243902439
adaboost,mp4_aac64,mp4_aac64,0.5018292682926829,0.5026785714285714,0.49359944336940464,0.4936978793695747,0.4023408924652524,1.7769048135540821,0.748780487804878
adaboost,mp4_aac64,roundtrip_wav,0.5067073170731707,0.5075396825396825,0.4986185219032853,0.4987009713341436,0.40817200463912917,1.7768842905944506,0.749390243902439
svm_rbf,mp4_aac64,ref,0.573780487804878,0.5731150793650793,0.5681444218933872,0.567926175817294,0.4879944259834924,1.123157464797861,0.776829268292683
svm_rbf,mp4_aac64,mp3_64,0.17073170731707318,0.16666666666666666,0.04861111111111111,0.049796747967479675,0.0,1.9326477171798078,0.34146341463414637
svm_rbf,mp4_aac64,mp4_aac64,0.5713414634146341,0.5718253968253969,0.5653496352371712,0.5647676356513154,0.48532195278740053,1.115472179103609,0.7859756097560976
svm_rbf,mp4_aac64,roundtrip_wav,0.572560975609756,0.5730158730158731,0.5666271303671268,0.5660164099695769,0.4867678571428571,1.1157685745427701,0.7847560975609756
linear_svm,mp4_aac64,ref,0.5804878048780487,0.5799603174603175,0.5760711262979076,0.5758807148504735,0.49609675056717684,,
linear_svm,mp4_aac64,mp3_64,0.3018292682926829,0.29464285714285715,0.1980970408379512,0.20292867598034028,0.15808823529411764,,
linear_svm,mp4_aac64,mp4_aac64,0.573170731707317,0.5746031746031747,0.5680427887503645,0.5670086673279765,0.4876646792102537,,
linear_svm,mp4_aac64,roundtrip_wav,0.5719512195121951,0.5736111111111111,0.5674687666399515,0.5664043192138257,0.48625589033271455,,
mlp_sklearn,mp4_aac64,ref,0.5646341463414634,0.5631944444444444,0.5606071556799179,0.5609867193539393,0.4769137302551639,1.562403587072578,0.7682926829268293
mlp_sklearn,mp4_aac64,mp3_64,0.32865853658536587,0.3208333333333333,0.2094991696930567,0.21460890553922884,0.19044117647058822,5.833725586972176,0.4719512195121951
mlp_sklearn,mp4_aac64,mp4_aac64,0.5676829268292682,0.5693452380952381,0.5650024046330591,0.563885915889627,0.48110529979829,1.5496081297862225,0.7737804878048781
mlp_sklearn,mp4_aac64,roundtrip_wav,0.5682926829268292,0.5701388888888889,0.5658800179042839,0.5645297138295118,0.4818186686659883,1.5489381735631558,0.776829268292683
xgboost,mp4_aac64,ref,0.5713414634146341,0.5712301587301587,0.5665307001092639,0.5664985297010119,0.4852943802567904,1.3258271217346191,0.7835365853658537
xgboost,mp4_aac64,mp3_64,0.5689024390243902,0.5688492063492063,0.5666000624228971,0.5665115125315908,0.48234726860367527,1.294076919555664,0.7810975609756098
xgboost,mp4_aac64,mp4_aac64,0.5762195121951219,0.5775793650793651,0.569759584533876,0.5691176614402498,0.49143316080671073,1.325118899345398,0.7902439024390244
xgboost,mp4_aac64,roundtrip_wav,0.5719512195121951,0.5734126984126985,0.5653540181579079,0.5646330932988888,0.48632007281683365,1.3247255086898804,0.7932926829268293
lightgbm,mp4_aac64,ref,0.574390243902439,0.5746031746031747,0.5692286256862186,0.569343564628998,0.48911025421308196,1.8739184879091415,0.7847560975609756
lightgbm,mp4_aac64,mp3_64,0.5689024390243902,0.5692460317460318,0.5661119063144814,0.5660106170591246,0.48247665637106996,1.7963276244499662,0.7878048780487805
lightgbm,mp4_aac64,mp4_aac64,0.5804878048780487,0.5824404761904762,0.5738072136692814,0.5730007986610289,0.4966811790735851,1.9005591350798452,0.7902439024390244
lightgbm,mp4_aac64,roundtrip_wav,0.5756097560975609,0.5776785714285715,0.568567012062377,0.567604485704527,0.4908195492746641,1.9030496475754446,0.7926829268292683
