pair,rho_used,p_used,rho_all,n_used,top25_overlap
seed,0.9344285681638949,1.500473026682874e-105,0.9326917079854593,233,23
seed,0.9623614872813332,7.437227536659019e-130,0.9580486869563667,228,23
seed,0.961112321487163,2.773390931463739e-128,0.9519026800646516,228,24
seed,0.9409531795668846,1.3871959289408323e-111,0.9315320192201328,235,24
seed,0.9334292450652298,1.7696109834148689e-103,0.9346271387228041,230,24
seed,0.9578614404168935,7.0117449926513746e-124,0.9565202418316686,227,24
seed,0.9418152361494159,2.0787894246316074e-110,0.9359495464224541,231,23
seed,0.9599174987776934,2.2152056476924405e-127,0.9492410385069416,229,24
seed,0.9312924210691098,7.57339259077384e-103,0.9340275946692046,232,24
seed,0.9448827494321361,5.7316485589229545e-115,0.9345747642665649,235,23
seed,0.9448101183839822,6.653519928798469e-115,0.9319016898564499,235,24
seed,0.9549861748281825,8.766772231685035e-122,0.9460285247937885,229,23
seed,0.9341963332916734,6.254866689969978e-105,0.9391453586169528,232,24
seed,0.9453804650393723,6.672540284236511e-116,0.9326154685892366,236,24
seed,0.9582641270394923,1.9815834709029225e-125,0.9551862873642237,229,24
seed,0.9316403248787751,1.1889685234310212e-102,0.9432934731920817,231,24
seed,0.9649011250465034,2.1985591707019114e-134,0.9472877910746995,230,25
seed,0.949372364969313,3.883703133014187e-117,0.9479066784947171,231,25
seed,0.9415958447010919,2.79727404599551e-109,0.939233841573401,229,23
seed,0.9536669252321437,5.838624512677641e-122,0.9382661853733495,232,23
seed,0.9278902632335032,4.32489676226266e-100,0.931301771267492,231,23
seed,0.9340996150629182,9.345699678420213e-106,0.9274013500639152,234,23
seed,0.9531629553211123,7.85963693526137e-119,0.9466600294905423,227,24
seed,0.9450341734096153,1.2084611940317107e-113,0.9363752572698539,232,23
seed,0.9494365945486537,1.0963899668802234e-115,0.9435648183824947,228,23
seed,0.9269338082418928,6.923489974232624e-100,0.9259969732775628,232,24
seed,0.9514066526751235,1.298185572197755e-118,0.9472539589229813,230,22
seed,0.957054239208737,1.1472542315825418e-125,0.9460160061690459,232,24
seed,0.9501156991046312,7.453291470463897e-118,0.945323725548951,231,23
seed,0.9541064509722823,2.8114474656699507e-119,0.9490324191468166,226,23
seed,0.9768510369688753,1.0720203238947774e-154,0.955795584292224,230,23
seed,0.9529692766669486,3.1275124561862022e-121,0.9431614312768565,232,23
seed,0.9510631376780821,8.76078369231683e-119,0.940779346359025,231,23
seed,0.969377636711211,4.986558018427511e-141,0.95462783112558,230,23
seed,0.940248516119425,1.1708379608627827e-108,0.938023591084122,230,23
seed,0.9499422486057288,1.0671289949187833e-118,0.9382696316999809,233,23
seed,0.9478099564928237,1.1382810521499633e-114,0.9414579364556308,229,24
seed,0.9407371371648041,3.601970664138586e-107,0.9491427250688025,226,23
seed,0.9489356420266258,1.0033379334521084e-117,0.9371653077199126,233,23
seed,0.9380516056421121,1.829534734793497e-106,0.9360103026918737,229,22
seed,0.9520044361584407,3.2764149969447604e-119,0.9434568795586855,230,24
seed,0.9524051176001914,1.3934804272557053e-118,0.9470303707399086,228,22
seed,0.9511862681539494,7.353311744023621e-117,0.9486514448177006,227,23
seed,0.9370018140296469,4.0430965990870337e-106,0.9404505310586088,230,24
seed,0.9296464080786911,1.0467765000058426e-101,0.9339121647852919,232,24
seed,0.932688907062042,3.611975856797735e-105,0.9264364117400457,235,23
seed,0.9424024638942275,1.8109340196698125e-109,0.9413928781836629,228,23
seed,0.9585522163474924,7.417233496353016e-127,0.9453804240031506,231,24
seed,0.93724576971827,3.8604203053141474e-108,0.9324850236473085,234,23
seed,0.9641903817197184,2.963523213599963e-132,0.9559224729438142,228,24
seed,0.9527411720123264,5.384141992455924e-121,0.942551939851343,232,24
seed,0.9556646170102601,4.7766556056049754e-123,0.94355828165546,230,23
seed,0.9415762172967291,1.2443796682034688e-111,0.9325650097391103,234,23
seed,0.9554855398360734,8.637662250746085e-122,0.9440651177731437,228,22
seed,0.9431215942102166,5.524008745314493e-112,0.9323126830757169,232,23
seed,0.9333941985012544,4.0848082824369245e-102,0.9346544648836451,227,23
seed,0.9444254684934241,3.323897397689319e-110,0.9503172416459339,226,23
seed,0.9475672879192415,5.86299990566531e-113,0.946047601502958,226,23
seed,0.9618211738891939,4.842440373385248e-128,0.9532303777453447,226,23
seed,0.9453977238619776,4.864447875557675e-111,0.9505266178184117,226,23
seed,0.9581031773189451,3.039192704133854e-125,0.9479342047634152,229,23
seed,0.9392916798105096,7.94436966346994e-109,0.933360451020371,232,23
seed,0.9441739184765472,5.434237442982262e-110,0.9442824232373888,226,22
seed,0.916462581273823,4.57873637144808e-93,0.9284803012196213,231,23
seed,0.9369158371860832,1.6392552649679447e-106,0.937301102443899,231,23
seed,0.9407583955691083,3.96539526316997e-108,0.9450546227828143,228,23
seed,0.9216258312174399,2.4181931158401744e-97,0.9229247554631292,234,23
seed,0.9646871259503778,3.4635488194986174e-131,0.9579492541530842,225,24
seed,0.9358675061821927,4.4247319642270304e-107,0.9296112129461762,234,24
seed,0.9525550875412852,3.512587815711771e-117,0.9468469645675549,225,24
seed,0.9689346356060653,1.6636777123402328e-138,0.9512697655701527,227,24
seed,0.9232216830959292,6.375028728837201e-98,0.9276084774369405,233,24
seed,0.9572866085843709,2.5943676220673588e-124,0.9469094531054452,229,24
seed,0.9465578146597581,5.207918871483158e-115,0.9373140318288314,232,23
seed,0.9514928942455818,3.0829660526539155e-120,0.9362084475055914,233,24
seed,0.9246341473282486,6.433330871252242e-101,0.9162769338070269,238,22
seed,0.9441099994828032,8.430502503956601e-114,0.9335177123262489,234,23
seed,0.9309793431414267,3.4432099925517106e-102,0.9292573665996787,231,24
seed,0.9317143120733128,5.0209255165988115e-104,0.9298156898454845,234,24
seed,0.9343331357496409,6.2770047353606785e-106,0.9320972123044861,234,25
seed,0.9475735606346881,1.9067177499104808e-115,0.9432592257995535,231,24
seed,0.9326589802483186,6.377510594500101e-107,0.9179197953998572,239,24
seed,0.9459478660602545,5.470261876579154e-113,0.9447896661494835,229,24
seed,0.924869569829631,3.1324735340806306e-100,0.9229892969988797,236,24
seed,0.9615608956808346,5.756016404968034e-130,0.9422064107004958,230,23
seed,0.9188710751423433,1.9567397814747336e-92,0.9362931486523184,226,23
seed,0.9548203032584537,1.7052353723638465e-119,0.9472972739085473,225,24
seed,0.9263290193122785,4.587274040133793e-99,0.9237718489645129,231,24
seed,0.964948930988854,5.854075493490188e-131,0.9561015982441756,224,23
seed,0.949023502029815,8.5393370954308e-115,0.9471211869194917,227,23
seed,0.9379093614995827,2.820351274177375e-107,0.9323107210130569,231,24
seed,0.9566359670388992,6.704320165683837e-121,0.9504085281966896,224,24
seed,0.9549357472555149,3.3516160349625693e-121,0.9477058193903491,228,23
seed,0.9465382808957272,5.425298604725029e-115,0.9332460809002985,232,24
seed,0.9437623223412173,1.315467405418608e-110,0.9402117649868922,228,23
seed,0.9574740789428753,4.5821515463459583e-125,0.9436598492741092,230,23
seed,0.9322461504165186,7.246219845730249e-101,0.9406822584183411,226,24
seed,0.9523909146190573,4.733959176526931e-118,0.9502137533165937,227,24
seed,0.9407938288380346,3.246251825859935e-107,0.9377445930553145,226,24
seed,0.9234741005126499,7.884097856048863e-97,0.9311827719955339,230,23
seed,0.9606812091173664,7.220605247195877e-129,0.9425535731704575,230,24
seed,0.9158333702641144,1.0419679024156643e-92,0.9287950386056534,231,24
seed,0.9533029109230609,1.5482765373222529e-120,0.9481065375765372,230,23
seed,0.9602634839387818,8.44557609313527e-128,0.9520311536295651,229,23
seed,0.9301680324961483,3.417217420613235e-101,0.9324098449125537,230,23
seed,0.9391782847066183,9.781207052577891e-109,0.9354637959704868,232,25
seed,0.9559311971661837,2.4387208428568404e-123,0.9522482538300286,230,24
seed,0.9473268359510123,3.0855088764600054e-113,0.952762187655209,227,25
seed,0.9386447621746277,2.5887294438360084e-108,0.9387659315060528,232,25
seed,0.9501456909467666,2.3141586837698637e-116,0.9435222233139965,228,24
seed,0.932945339277491,3.929102378447982e-103,0.9410713639645515,230,24
seed,0.9408193348913754,9.160866068832538e-107,0.9487524712446324,225,22
seed,0.9568164514777826,1.2362967051747167e-121,0.9543751369053064,225,23
seed,0.9554204176551752,2.990648663216607e-122,0.9460106250294728,229,23
seed,0.9337347680232074,1.0661430284885391e-103,0.9363219723089439,230,22
seed,0.9367990552508295,2.0122010017897772e-106,0.9354656267898741,231,23
seed,0.9589759241784084,1.6174652521403203e-123,0.9509005560834358,224,24
seed,0.9520369460393788,9.952132054939987e-119,0.9451378346309697,229,23
seed,0.9528834543844993,1.3840945891840728e-119,0.9462811426730882,229,24
seed,0.9657079276958555,1.3924635168971748e-132,0.9590766213052591,225,23
seed,0.9461753991781658,1.063180856114759e-112,0.9488981815371245,228,23
seed,0.9478268280855182,1.0855486989553656e-113,0.9452526575137619,227,23
seed,0.9520014387544337,1.0076805502733796e-119,0.9408117785897685,231,23
seed,0.9490263251179595,8.581372989524116e-114,0.9470468030050219,225,24
seed,0.9238698954235142,9.500050016554806e-99,0.9222804321436543,234,23
seed,0.9427356809939137,3.5320210904270396e-111,0.9373068615922465,231,24
seed,0.9429896494947804,5.882960567998486e-110,0.9448262539072637,228,24
seed,0.9418056525263943,5.61026680283595e-109,0.9388949613141175,228,23
seed,0.9352430651565593,2.97749671347064e-105,0.9329540922546365,231,24
seed,0.9363221013457861,1.621972234992554e-106,0.9351434480818382,232,23
seed,0.9569267337289713,6.587110909292479e-124,0.947611226526565,229,24
seed,0.9307480629063544,4.982691076244367e-102,0.9339158344263403,231,24
seed,0.9583017666683273,5.111110794620595e-126,0.9407968347024763,230,24
seed,0.9372723165206874,8.746590275679444e-107,0.9381153368428934,231,24
seed,0.9426416191147116,3.444347401904653e-109,0.9399318481316694,227,23
seed,0.9407591604566965,1.7555689503455976e-110,0.9354382746233213,233,23
seed,0.9362927357250795,2.0970675441328833e-107,0.9306065665056737,234,24
seed,0.9478251163427313,3.5063905116442567e-115,0.9380698810890677,230,24
seed,0.9407000778815348,1.7131263971014295e-109,0.9407498841513972,231,24
seed,0.94499208844311,1.3164259808444265e-113,0.940630940546567,232,24
seed,0.94341108458952,9.440879682767402e-112,0.9405281357953552,231,24
seed,0.9431553509909832,1.7144156716998736e-112,0.9373555934061248,233,24
seed,0.9502118688279976,6.429801725505196e-116,0.9523217135617627,227,24
seed,0.9404804992380974,3.4154101697280944e-111,0.9319520329918326,235,24
seed,0.953683471247152,2.302342746396029e-119,0.9473167552210812,227,22
seed,0.9493665030579251,3.9341998238819936e-117,0.9464877403632072,231,24
seed,0.947092789396402,5.142337302079569e-114,0.9447592000745938,229,23
seed,0.9465721949296749,5.053425752511969e-115,0.9440049339846504,232,23
seed,0.9480120913316765,2.393364223768923e-117,0.940239704561717,234,22
seed,0.9417353429275955,2.4212168671804837e-110,0.942198922966612,231,23
seed,0.9505163191214313,9.02639622337655e-120,0.9405665584971313,234,23
seed,0.9386726466698033,2.4608706838725093e-108,0.9350008608197878,232,23
seed,0.946696493271128,4.0231842718290476e-116,0.940678059674285,234,23
seed,0.9357335079989101,1.0357407151372106e-104,0.939222450453625,229,23
seed,0.928645547915634,5.0108081967112216e-101,0.9279389532716131,232,24
seed,0.9368987761615889,5.892403418939304e-107,0.9399698534203716,232,23
seed,0.9518269113102088,1.5116065509662026e-119,0.9491610459507489,231,23
seed,0.9312916732510347,1.0018408633501891e-103,0.9303464188802665,234,23
seed,0.9347899598036582,1.8180908749463848e-104,0.9481784885977111,230,23
seed,0.9561959860164589,1.0626817579861253e-124,0.9407692041281053,232,24
seed,0.9275300811335004,2.7941563373633525e-100,0.9370488252370002,232,24
seed,0.9565798418101168,2.2437338869596386e-121,0.9592823798956651,225,23
seed,0.9626147837104033,1.3015047526579649e-129,0.9536022208524677,227,23
seed,0.9641603677625289,3.252274606475145e-132,0.9519445288085745,228,24
seed,0.9588277675371367,5.445441837134378e-125,0.9511639845572957,227,23
seed,0.9500698947576022,2.6520431048853184e-117,0.9429192021828346,230,23
seed,0.9430104766659967,5.651723374440169e-110,0.9401075300553569,228,23
seed,0.9869827690793268,2.325849122294126e-181,0.9624917404797066,228,23
seed,0.9345788032011138,1.6352618362613125e-102,0.9370753493087438,226,23
seed,0.9496304307421111,2.195785848836119e-117,0.9455473601489062,231,24
seed,0.9566933778518364,1.0125765910094106e-124,0.9455610122508442,231,25
seed,0.981105690525524,2.3205291835947377e-165,0.959666435755853,231,25
seed,0.9358838156259089,3.4795049550514864e-106,0.9339204131319467,232,24
seed,0.9637460541735231,5.850161996117356e-134,0.9493520364085578,232,24
seed,0.9454629378779402,1.388029793362452e-111,0.9469076034236914,227,22
seed,0.9665536501517383,6.479135334753739e-138,0.9498263807501285,232,24
seed,0.9413191981065873,1.798128032879267e-110,0.9433282332165457,232,24
seed,0.9389990889881277,3.956177005318046e-108,0.939043835865606,231,24
seed,0.9609835427013339,8.410477196682074e-130,0.9533364648382665,231,24
seed,0.948016460591585,7.3443892862619525e-115,0.945512215989195,229,23
seed,0.9485260055720863,7.811992057180728e-116,0.9468058625376174,230,25
seed,0.9370825671549019,2.8921774868590874e-105,0.9444550710653444,228,24
seed,0.9521309287886961,6.932835940008762e-121,0.9430634246580847,233,24
seed,0.9463428940682717,2.3406541420105927e-112,0.946071361665607,227,22
seed,0.9283066597816929,1.1660297416969095e-101,0.9271843035162793,234,24
seed,0.9557454474632388,1.144129755060338e-123,0.9514211799377685,231,24
seed,0.9509357209336738,1.2896023953413373e-116,0.950536064120935,227,22
seed,0.9406576848902571,6.280188449152766e-110,0.9358778714820366,232,25
seed,0.9621245445322193,7.410185689118653e-128,0.9542552445055336,225,23
seed,0.9337108994614991,3.9629185987334734e-104,0.9331224112822255,231,23
bootstrap,-0.14193053600485844,0.01419737972608375,0.20768375840743164,298,7
bootstrap,-0.24647576642934255,1.0270490455560682e-05,0.07664556066322258,313,9
bootstrap,-0.08476064268610231,0.1384106070568122,0.2207358590861933,307,8
bootstrap,-0.2559247110108171,3.401332910623344e-06,0.061535328398611346,321,9
bootstrap,-0.18602663286754825,0.0010374918498634023,0.16311251753270337,308,9
bootstrap,-0.21063255184671972,0.00020627484301625614,0.14043383687045943,306,8
bootstrap,-0.18997464238445197,0.0008375843497214525,0.15776807590657274,306,9
bootstrap,-0.24268005567526602,1.5580458806095065e-05,0.0891688456850059,310,12
bootstrap,-0.22167553474005547,8.963253662528688e-05,0.1188613270585414,307,7
bootstrap,-0.16970813302052104,0.0027638994911016864,0.15138109462976515,309,11
bootstrap,-0.16858528819252142,0.00319416162325335,0.17453206032292207,304,10
bootstrap,-0.2412383328625069,1.701519304323566e-05,0.08357277050601016,311,7
bootstrap,-0.1242618368873557,0.028705901676175614,0.1811124186840203,310,7
bootstrap,-0.1816387267135055,0.0015531384722001654,0.16137570517655078,301,10
bootstrap,-0.21595328497372693,0.00014415904633031164,0.15003209725716166,305,5
bootstrap,-0.23301432273563188,2.7879130879805056e-05,0.078868949692976,317,9
bootstrap,-0.1359632717312253,0.017142832022405914,0.19483868620162795,307,8
bootstrap,-0.17989128631916243,0.0016960752401496383,0.17146377819987144,302,7
bootstrap,-0.11318045423559148,0.047916653282720094,0.2016383516933286,306,13
bootstrap,-0.21939534849515185,0.00012113979399641326,0.14054738647191622,302,8
bootstrap,-0.19622444780314477,0.0005221713759417244,0.14778958175812096,309,7
bootstrap,-0.13903146616293027,0.013976116410645337,0.16595181128170375,312,9
bootstrap,-0.162199565403306,0.004382052493832476,0.17691583034362526,307,7
bootstrap,-0.22967534320910843,4.094480744704974e-05,0.08931134320623837,313,5
bootstrap,-0.23487153078948528,3.0404365189249963e-05,0.10908957451010484,309,8
bootstrap,-0.2146667276602603,0.00013962857638294553,0.10246475790380333,310,9
bootstrap,-0.2583313879031779,5.03562944285606e-06,0.10486072179757375,304,7
bootstrap,-0.18169936315096452,0.0012898430990922155,0.1373956472418957,311,8
bootstrap,-0.13600829100418274,0.017850067845198384,0.1956572679894784,303,8
bootstrap,-0.2575434218645419,6.005331531677808e-06,0.12018478116722224,301,7
bootstrap,-0.1899470345058688,0.0008558651031833705,0.1675455216606562,305,10
bootstrap,-0.1845320738677176,0.0013252217444867825,0.16369690506133483,300,7
bootstrap,-0.24161544107459176,1.548244670383254e-05,0.0889569948009203,313,8
bootstrap,-0.17762203109223978,0.001978508728048659,0.18443983536537215,301,8
bootstrap,-0.22311091159110016,6.658975567151142e-05,0.10263815911673951,314,11
bootstrap,-0.1550687098169056,0.006658234582971342,0.16100373021402292,305,9
bootstrap,-0.1710900935264611,0.0024268786599202495,0.13961655479463023,312,8
bootstrap,-0.15725755648137496,0.005598922656497414,0.16737021347258865,309,8
bootstrap,-0.23511093183580042,3.262719691211919e-05,0.14792172670087828,306,6
bootstrap,-0.18123203348023156,0.0013043958893428247,0.14685978517114476,312,7
bootstrap,-0.19171755117749065,0.0006368126983943505,0.10932218705475624,314,8
bootstrap,-0.18065059694715854,0.0015071174189383901,0.15889898592433796,306,9
bootstrap,-0.1331427210143503,0.022179192130933268,0.22513845045675213,295,8
bootstrap,-0.32495558450378575,4.175600635149863e-09,0.03175919523397737,312,6
bootstrap,-0.2605373953709877,2.877375554957957e-06,0.07841752192980743,314,6
bootstrap,-0.21653771873780064,0.00010439707805510152,0.08823990637945647,316,8
bootstrap,-0.23699063173501483,2.6424563246617224e-05,0.09837351811378071,308,7
bootstrap,-0.3009593212393689,5.93134270049386e-08,0.07046929165108129,312,6
bootstrap,-0.30258128357073016,5.24777829811063e-08,0.04553375196368948,311,7
bootstrap,-0.2449034901248353,1.2126330654634233e-05,0.09273954086031551,312,6
bootstrap,-0.18280289824003138,0.0012715353103037034,0.1469517736942817,308,8
bootstrap,-0.1688454224658601,0.0028163151363882334,0.1549560968987794,311,4
bootstrap,-0.10699269441507257,0.06648658180539209,0.23692574310980824,295,9
bootstrap,-0.1816258146166707,0.001343785943494808,0.14922387350603017,309,9
bootstrap,-0.18080571246613564,0.0012026114183067305,0.14303431476811881,318,7
bootstrap,-0.1808463708758725,0.0011364683752444129,0.12166886787890753,321,8
bootstrap,-0.2793582542655409,4.6776742878938124e-07,0.07846592417256187,315,6
bootstrap,-0.194478564591757,0.000529106027002897,0.1368048635340653,314,9
bootstrap,-0.23623322378869271,2.015296373890286e-05,0.07495818983183698,319,9
bootstrap,-0.20022856827526997,0.00038101498545830447,0.13463295257874835,311,7
bootstrap,-0.19759330648961024,0.00041013389518437733,0.125469099740423,316,9
bootstrap,-0.18259374264093645,0.001072321846944507,0.12303803242120338,318,10
bootstrap,-0.27186243092117157,1.0051841124847943e-06,0.07137842100028557,314,6
bootstrap,-0.20621089532821557,0.0001944993509041197,0.10132740369514034,322,7
bootstrap,-0.2718787737706789,7.900685832775131e-07,0.04266453886706771,320,7
bootstrap,-0.23073682910626797,3.873038818738679e-05,0.12993494715832513,312,4
bootstrap,-0.2129472048357287,0.00013999245173683668,0.12126588997829829,315,8
bootstrap,-0.1468568233039476,0.009976940468298888,0.2128120577521232,307,7
bootstrap,-0.19075545261016483,0.0007207385889158573,0.1372553995475373,311,6
bootstrap,-0.21564263592718558,0.00011167762468852844,0.12673699641764147,316,8
bootstrap,-0.11212924356832224,0.04606329689294338,0.1827707555961556,317,9
bootstrap,-0.20302449870871297,0.0002934233997301254,0.1324303507813893,314,7
bootstrap,-0.17907937917078456,0.0013903416663285113,0.1396731132553695,316,10
bootstrap,-0.30117448990913065,4.3197351493692375e-08,0.04120592370490383,318,10
bootstrap,-0.19889634768407793,0.0003912931526556858,0.12318404030186808,314,7
bootstrap,-0.047665579041538605,0.4091595202784131,0.2738051266472029,302,13
bootstrap,-0.20281554696340037,0.0002784031996646906,0.11641952977995053,317,8
bootstrap,-0.1804806927255558,0.0013430131472570218,0.13400976581306998,313,8
bootstrap,-0.1574918140409519,0.005085074241221499,0.16764315819328446,315,11
bootstrap,-0.27904973156230145,5.244259411672923e-07,0.07198757103890029,313,9
bootstrap,-0.22995815673345432,3.570558466844881e-05,0.10592933206507632,317,5
bootstrap,-0.17314467934896946,0.0022181746593549737,0.17273792370681745,310,8
bootstrap,-0.15554213308856502,0.005743950077986245,0.17372875156670176,314,7
bootstrap,-0.14599293083477657,0.009466440294385911,0.14922166819260213,315,10
bootstrap,-0.0630666267919732,0.267508836361641,0.23482311684195595,311,8
bootstrap,-0.17043035716267874,0.0026067171536993425,0.16212558985546635,310,10
bootstrap,-0.16703157788588655,0.0028091244440168433,0.13412811487681764,318,6
bootstrap,-0.1762027018030536,0.0017516860646495415,0.1366293932116141,313,11
bootstrap,-0.17609443495769822,0.0015912262115191141,0.10967477011752431,319,6
bootstrap,-0.09754149096621903,0.08440797919816907,0.18849574761309687,314,8
bootstrap,-0.19878562741968195,0.0003695893999795676,0.11529100738292086,317,7
bootstrap,-0.2642423770746827,2.5709030905113693e-06,0.10643103913073566,308,6
bootstrap,-0.18084751541688643,0.0011994060651914394,0.13071475360813697,318,9
bootstrap,-0.1845137318564809,0.001377483672530395,0.20326843643986844,298,9
bootstrap,-0.279932448783703,3.2884264060089244e-07,0.05001096674052806,322,3
bootstrap,-0.24553742157759018,1.0089507325933787e-05,0.1007205577748415,316,7
bootstrap,-0.20587393041929677,0.0002237151465073968,0.12673748930448675,317,8
bootstrap,-0.16714539926094682,0.0027472581689720376,0.11564869226461867,319,9
bootstrap,-0.13865881181429873,0.013182930673601056,0.15300751452953387,319,9
bootstrap,-0.2860006337018036,2.883025210937327e-07,0.0811308380761095,311,4
bootstrap,-0.2193459266899594,0.00010950814962747642,0.1298781085076809,306,7
bootstrap,-0.13009632061489937,0.024708796636058395,0.21523854555443325,298,6
bootstrap,-0.27046614281301873,8.367714004835921e-07,0.03739197128601794,322,8
bootstrap,-0.15216161906339462,0.007372405757807865,0.16327972582751535,309,6
bootstrap,-0.17385100825690153,0.0024310051214292347,0.1678281337740195,302,7
bootstrap,-0.2153196395683883,0.00012976916246278109,0.12990636755168813,311,8
bootstrap,-0.21481752795651177,0.00016460545219395905,0.13672512818908383,303,9
bootstrap,-0.27377373171772523,6.843484950789377e-07,0.05065157085171068,319,5
bootstrap,-0.1556051747067159,0.006469707052319106,0.18172746627151562,305,8
bootstrap,-0.24873470452677388,1.0001437685820006e-05,0.1280488635786868,308,6
bootstrap,-0.1842474050228963,0.0012513968126456208,0.16304110045518394,304,8
bootstrap,-0.18905679822800328,0.0007898630934578478,0.13425250531985347,312,7
bootstrap,-0.20576381758506723,0.00027118140486636055,0.12250090796566869,309,10
bootstrap,-0.2018057877396335,0.00035719636980810254,0.12705384091575583,309,7
bootstrap,-0.19988536664740267,0.00039011782552198236,0.13187526902663246,311,8
bootstrap,-0.23360245281812045,3.172112396935541e-05,0.11001152312556178,311,9
bootstrap,-0.20253762906731382,0.0003631849985521143,0.1406228168439601,306,7
bootstrap,-0.10555881909400336,0.05769329818901312,0.13769027644079151,324,8
bootstrap,-0.22307583337907635,8.985425761833074e-05,0.1367549742845427,303,7
bootstrap,-0.22400321488468536,8.382966789390327e-05,0.1689397633437039,303,5
bootstrap,-0.15500034127970985,0.006416991763941651,0.17309396340967018,308,9
bootstrap,-0.20928524657210398,0.0001831501364917441,0.12136170886256431,315,6
bootstrap,-0.1930589219834136,0.0006447227800216216,0.13697168534148635,309,9
bootstrap,-0.09943392393732947,0.08145893727119606,0.20758814205258233,308,12
bootstrap,-0.24167223262039275,1.6413312239179367e-05,0.08016602451226709,311,8
bootstrap,-0.2309614809644496,3.696200492969607e-05,0.08969350322765905,313,11
bootstrap,-0.16642284215816336,0.003450213394743802,0.15391807883082673,307,8
bootstrap,-0.2518287594017414,9.115601705700798e-06,0.11182383076207332,303,10
bootstrap,-0.15283689872045758,0.007398251781039698,0.1769205767976259,306,11
bootstrap,-0.24072603507418708,1.616064364816885e-05,0.056116411383005396,314,10
bootstrap,-0.20771930268915728,0.00025348003032489867,0.14087686456480963,306,7
bootstrap,-0.20809255398650928,0.00021944630198075487,0.1160071965609508,311,8
bootstrap,-0.2004413629696104,0.0004099146146942195,0.14936855504127647,307,10
bootstrap,-0.26105667673427546,4.268873329766687e-06,0.11698779536075773,302,7
bootstrap,-0.14371645872612382,0.012268317578666733,0.19462977643298587,303,12
bootstrap,-0.2594714735574568,4.238458103691164e-06,0.11462538307870926,306,7
bootstrap,-0.23088541686064631,4.684811244415878e-05,0.12733716464220113,305,6
bootstrap,-0.2960244200093614,1.3856903408443144e-07,0.07119834154397964,305,9
bootstrap,-0.16376996837926322,0.004072400677998018,0.17247893708737522,306,7
bootstrap,-0.2683099885027654,2.072920518306475e-06,0.09052234703136763,304,7
bootstrap,-0.2569567256465472,6.31586748776189e-06,0.1384187972564723,301,4
bootstrap,-0.1466017114503115,0.010614119670761419,0.1832743793103382,303,11
bootstrap,-0.1694754386184422,0.0028469127501818538,0.16216951018552844,308,7
bootstrap,-0.22175933835935677,9.395432119484008e-05,0.12283790044825361,305,6
bootstrap,-0.26718663905014806,1.1037565352183879e-06,0.0288458895106507,323,6
bootstrap,-0.25388682465838763,5.594558176216081e-06,0.0995086811898804,312,7
bootstrap,-0.17753820779432125,0.0018224097592954456,0.15099912163845486,306,8
bootstrap,-0.05955033722734584,0.29751389850523596,0.23353613230785958,308,10
bootstrap,-0.14329196028784003,0.012529962612552941,0.18234425817586947,303,10
bootstrap,-0.26267300877962246,3.0739620727578736e-06,0.12586810758924574,307,5
bootstrap,-0.17359319312094948,0.002347328756580285,0.1811534096974344,305,8
bootstrap,-0.16016869252287136,0.004374232591346482,0.15061371318643,315,11
bootstrap,-0.15409021197038833,0.006921585704018203,0.17134348201231214,306,10
bootstrap,-0.14460121431551842,0.009706103317811004,0.13553106723041383,319,11
bootstrap,-0.21146153064672543,0.000199217891909078,0.1430724500808316,305,6
bootstrap,-0.1505383448896376,0.0076336227407990025,0.16137337603828789,313,8
bootstrap,-0.28046583940243874,7.604133508157318e-07,0.11863008597870756,301,7
bootstrap,-0.3328218965311242,1.3862542901378287e-09,0.0350155306218879,315,7
bootstrap,-0.18058631345244094,0.0015130888304160383,0.16634491996337442,306,11
bootstrap,-0.12640599631187868,0.02509228445514725,0.16926429697406536,314,7
bootstrap,-0.17530671210721582,0.0019145025761058102,0.13548412754866945,311,10
bootstrap,-0.18095759954685758,0.001280049596809831,0.1373539084376924,314,11
bootstrap,-0.22712722151269915,5.148042030749879e-05,0.10435142480309051,312,8
bootstrap,-0.2595087675402498,4.71180921370171e-06,0.10060036775250297,303,9
bootstrap,-0.3562390430520602,7.929096576543354e-11,0.015310122956317871,314,3
bootstrap,-0.19812698636300652,0.00047944843310901615,0.1352050717961339,307,9
bootstrap,-0.25681273695427115,4.477686389474905e-06,0.09429837512587243,311,8
bootstrap,-0.23624913327200417,3.6819653485471866e-05,0.1466203552884089,299,6
bootstrap,-0.2229922430035368,6.198482421956797e-05,0.07953890526282129,317,9
bootstrap,-0.1847725061139385,0.001003698552320804,0.1116275960105101,314,10
bootstrap,-0.16397283607354868,0.003848923618649334,0.17603351944257917,309,5
bootstrap,-0.08541165873236758,0.13285623381219558,0.20549140451711148,311,11
bootstrap,-0.13938819267558408,0.012989009678080707,0.1639739811345794,317,8
bootstrap,-0.19298135694136845,0.0005618403565125343,0.11143033137900539,316,9
bootstrap,-0.09767845863954411,0.08446942176335735,0.1984519168870555,313,8
bootstrap,-0.22323059907380569,9.125734864088904e-05,0.14707199353941885,302,6
bootstrap,-0.20768148031805198,0.00025415442552111675,0.1254185065402195,306,11
bootstrap,-0.27921497063122397,5.613690659996572e-07,0.08232316262802326,311,10
bootstrap,-0.3045798918728744,6.340195279393294e-08,0.08695128067181009,303,8
bootstrap,-0.24982131258646026,6.510103365635998e-06,0.055015167005489085,318,10
bootstrap,-0.24205485415759684,1.5899367863656696e-05,0.11391696467612294,311,5
bootstrap,-0.2519864905054427,7.5765791164863854e-06,0.13428219039592806,308,6
bootstrap,-0.19593390084262297,0.0006168490860238304,0.16962563791413415,302,7
bootstrap,-0.22149925388315955,7.341037507961223e-05,0.10986677880946641,315,5
bootstrap,-0.2163743007388978,0.00010304096116521257,0.10670895427601274,317,7
bootstrap,-0.15059446489464115,0.008432097993317057,0.17812787287314677,305,8
bootstrap,-0.17366365967994465,0.0022232441802690064,0.16625403893731722,308,10
bootstrap,-0.23529587444110084,3.120143354737222e-05,0.13514445728508367,307,6
bootstrap,-0.1200075089694524,0.03497774030986634,0.20433967626968852,309,8
bootstrap,-0.19444990893358796,0.0006255977293435967,0.15407388483139825,306,9
